{
    "frame_numbers": [
        0,
        1,
        2,
        3,
        4,
        5,
        6,
        7,
        8,
        9,
        10,
        11,
        12,
        13,
        14,
        15,
        16,
        17,
        18,
        19,
        20,
        21,
        22,
        23,
        24,
        25,
        26,
        27,
        28,
        29,
        30,
        31,
        32,
        33,
        34,
        35,
        36,
        37,
        38,
        39,
        40,
        41,
        42,
        43
    ],
    "commanded_angles": [
        0.0,
        1.669921875,
        3.427734375,
        4.74609375,
        4.74609375,
        -15.029296875,
        -34.892578125,
        -9.228515625,
        -9.228515625,
        -6.767578125,
        -4.39453125,
        -5.09765625,
        -5.09765625,
        -11.953125,
        -18.896484375,
        -0.703125,
        -0.703125,
        1.494140625,
        3.603515625,
        0.17578125,
        0.17578125,
        -13.18359375,
        -26.630859375,
        -3.33984375,
        -3.33984375,
        -1.58203125,
        0.263671875,
        -4.306640625,
        -4.306640625,
        -9.580078125,
        -14.94140625,
        3.515625,
        3.515625,
        4.921875,
        6.328125,
        0.087890625,
        0.087890625,
        -5.2734375,
        -10.546875,
        7.91015625,
        7.91015625,
        8.7890625,
        9.755859375,
        0.703125
    ],
    "actual_angles": [
        -0.615234375,
        -1.93359375,
        -1.93359375,
        -2.021484375,
        -2.021484375,
        -16.34765625,
        -31.11328125,
        -9.31640625,
        -8.525390625,
        -6.591796875,
        -6.240234375,
        -6.240234375,
        -6.240234375,
        -9.84375,
        -16.611328125,
        -0.615234375,
        -0.17578125,
        0.87890625,
        1.40625,
        -0.966796875,
        -1.23046875,
        -10.810546875,
        -23.466796875,
        -3.427734375,
        -2.900390625,
        -1.494140625,
        -0.703125,
        -3.603515625,
        -4.04296875,
        -7.20703125,
        -12.48046875,
        3.779296875,
        4.04296875,
        5.009765625,
        5.712890625,
        0.703125,
        0.703125,
        -2.900390625,
        -7.998046875,
        8.0859375,
        8.4375,
        8.876953125,
        9.755859375,
        2.373046875
    ]
}