{
    "frame_numbers": [
        0,
        1,
        2,
        3,
        4,
        5,
        6,
        7,
        8,
        9,
        10,
        11,
        12,
        13,
        14,
        15,
        16,
        17,
        18,
        19,
        20,
        21,
        22,
        23,
        24,
        25,
        26,
        27,
        28,
        29,
        30,
        31,
        32,
        33,
        34,
        35,
        36,
        37,
        38,
        39,
        40,
        41,
        42,
        43
    ],
    "commanded_angles": [
        0.0,
        -4.5703125,
        -9.052734375,
        -13.7109375,
        -13.7109375,
        -4.482421875,
        4.658203125,
        13.798828125,
        13.798828125,
        4.482421875,
        -4.833984375,
        -13.7109375,
        -13.7109375,
        -4.39453125,
        4.833984375,
        12.216796875,
        12.216796875,
        3.427734375,
        -5.2734375,
        -13.447265625,
        -13.447265625,
        -4.39453125,
        4.5703125,
        11.77734375,
        11.77734375,
        3.427734375,
        -4.921875,
        -12.744140625,
        -12.744140625,
        -4.130859375,
        4.482421875,
        10.986328125,
        10.986328125,
        3.076171875,
        -4.74609375,
        -12.3046875,
        -12.3046875,
        -4.21875,
        3.8671875,
        10.8984375,
        10.8984375,
        3.515625,
        -3.955078125,
        -11.07421875
    ],
    "actual_angles": [
        -0.087890625,
        -3.603515625,
        -8.173828125,
        -12.48046875,
        -12.568359375,
        -5.185546875,
        3.69140625,
        11.162109375,
        11.6015625,
        8.173828125,
        -4.306640625,
        -9.404296875,
        -9.4921875,
        -7.3828125,
        -0.439453125,
        5.712890625,
        6.240234375,
        4.21875,
        -4.306640625,
        -12.392578125,
        -12.48046875,
        -9.84375,
        -5.009765625,
        1.669921875,
        3.251953125,
        3.251953125,
        -3.955078125,
        -8.4375,
        -8.4375,
        -7.3828125,
        -5.9765625,
        1.318359375,
        2.197265625,
        2.548828125,
        -3.779296875,
        -10.283203125,
        -10.458984375,
        -8.525390625,
        -5.9765625,
        1.40625,
        3.076171875,
        3.603515625,
        -2.8125,
        -9.66796875
    ]
}