{
    "frame_numbers": [
        0,
        1,
        2,
        3,
        4,
        5,
        6,
        7,
        8,
        9,
        10,
        11,
        12,
        13,
        14,
        15,
        16,
        17,
        18,
        19,
        20,
        21,
        22,
        23,
        24,
        25,
        26,
        27,
        28,
        29,
        30,
        31,
        32,
        33,
        34,
        35,
        36,
        37,
        38,
        39,
        40,
        41,
        42,
        43
    ],
    "commanded_angles": [
        0.0,
        -13.18359375,
        -26.3671875,
        -6.50390625,
        -6.50390625,
        -4.21875,
        -1.845703125,
        -3.955078125,
        -3.955078125,
        -10.986328125,
        -18.10546875,
        -0.52734375,
        -0.52734375,
        1.494140625,
        3.427734375,
        -2.548828125,
        -2.548828125,
        -9.228515625,
        -15.8203125,
        2.021484375,
        2.021484375,
        3.603515625,
        5.09765625,
        -3.8671875,
        -3.8671875,
        -9.052734375,
        -14.150390625,
        4.482421875,
        4.482421875,
        5.625,
        6.6796875,
        -4.658203125,
        -4.658203125,
        -8.876953125,
        -13.18359375,
        7.55859375,
        7.55859375,
        8.0859375,
        8.701171875,
        -5.361328125,
        -5.2734375,
        -8.525390625,
        -11.689453125,
        10.546875
    ],
    "actual_angles": [
        0.3515625,
        -4.658203125,
        -20.0390625,
        -10.37109375,
        -6.240234375,
        -4.5703125,
        -5.09765625,
        -5.888671875,
        -6.240234375,
        -10.107421875,
        -12.568359375,
        -3.427734375,
        -0.3515625,
        0.263671875,
        3.251953125,
        1.318359375,
        1.0546875,
        -1.142578125,
        -2.98828125,
        2.548828125,
        4.921875,
        5.09765625,
        6.328125,
        7.646484375,
        7.646484375,
        6.328125,
        3.69140625,
        6.767578125,
        7.734375,
        7.822265625,
        9.404296875,
        9.931640625,
        9.931640625,
        9.84375,
        5.537109375,
        9.4921875,
        11.77734375,
        12.216796875,
        12.919921875,
        13.095703125,
        13.0078125,
        13.0078125,
        11.337890625,
        14.23828125
    ]
}