{
    "frame_numbers": [
        0,
        1,
        2,
        3,
        4,
        5,
        6,
        7,
        8,
        9,
        10,
        11,
        12,
        13,
        14,
        15,
        16,
        17,
        18,
        19,
        20,
        21,
        22,
        23,
        24,
        25,
        26,
        27,
        28,
        29,
        30,
        31,
        32,
        33,
        34,
        35,
        36,
        37,
        38,
        39,
        40,
        41,
        42,
        43
    ],
    "commanded_angles": [
        0.0,
        0.0,
        0.087890625,
        5.888671875,
        5.888671875,
        0.615234375,
        -4.5703125,
        -18.017578125,
        -18.017578125,
        3.515625,
        25.048828125,
        20.91796875,
        20.91796875,
        15.908203125,
        10.810546875,
        -7.20703125,
        -7.119140625,
        11.77734375,
        30.673828125,
        22.939453125,
        22.939453125,
        18.017578125,
        13.095703125,
        -6.15234375,
        -6.064453125,
        12.568359375,
        31.11328125,
        23.466796875,
        23.466796875,
        18.720703125,
        13.88671875,
        -4.482421875,
        -4.39453125,
        14.853515625,
        34.013671875,
        25.400390625,
        25.400390625,
        20.654296875,
        15.908203125,
        -1.494140625,
        -1.40625,
        16.611328125,
        34.62890625,
        26.806640625
    ],
    "actual_angles": [
        1.58203125,
        0.791015625,
        -0.439453125,
        -0.263671875,
        -0.263671875,
        0.52734375,
        -6.15234375,
        -19.3359375,
        -19.3359375,
        1.7578125,
        24.345703125,
        19.86328125,
        19.86328125,
        18.544921875,
        13.0078125,
        -2.109375,
        -2.109375,
        11.162109375,
        29.1796875,
        22.67578125,
        22.67578125,
        21.884765625,
        19.072265625,
        2.900390625,
        2.724609375,
        11.689453125,
        29.53125,
        24.9609375,
        25.048828125,
        24.2578125,
        22.67578125,
        7.294921875,
        7.294921875,
        13.974609375,
        32.16796875,
        27.7734375,
        27.7734375,
        24.78515625,
        23.818359375,
        9.052734375,
        8.96484375,
        15.64453125,
        32.6953125,
        28.828125
    ]
}