{
    "frame_numbers": [
        0,
        1,
        2,
        3,
        4,
        5,
        6,
        7,
        8,
        9,
        10,
        11,
        12,
        13,
        14,
        15,
        16,
        17,
        18,
        19,
        20,
        21,
        22,
        23,
        24,
        25,
        26,
        27,
        28,
        29,
        30,
        31,
        32,
        33,
        34,
        35,
        36,
        37,
        38,
        39,
        40,
        41,
        42,
        43
    ],
    "commanded_angles": [
        0.0,
        2.900390625,
        5.888671875,
        8.701171875,
        8.701171875,
        12.12890625,
        15.46875,
        -7.55859375,
        -7.55859375,
        -1.0546875,
        5.537109375,
        12.83203125,
        12.83203125,
        7.91015625,
        2.900390625,
        -14.677734375,
        -14.677734375,
        -8.525390625,
        -2.373046875,
        6.6796875,
        6.6796875,
        6.50390625,
        6.416015625,
        -15.1171875,
        -15.1171875,
        -9.140625,
        -3.1640625,
        6.240234375,
        6.240234375,
        1.142578125,
        -3.8671875,
        -22.060546875,
        -22.060546875,
        -16.5234375,
        -10.8984375,
        -0.17578125,
        -0.17578125,
        -5.09765625,
        -9.931640625,
        -28.828125,
        -28.828125,
        -23.5546875,
        -18.28125,
        -5.2734375
    ],
    "actual_angles": [
        0.17578125,
        2.98828125,
        5.888671875,
        8.7890625,
        8.701171875,
        12.3046875,
        15.556640625,
        -7.20703125,
        -7.470703125,
        -0.703125,
        5.712890625,
        13.0078125,
        12.919921875,
        7.998046875,
        3.251953125,
        -14.150390625,
        -14.501953125,
        -8.173828125,
        -2.197265625,
        6.85546875,
        6.6796875,
        6.767578125,
        6.767578125,
        -14.853515625,
        -15.029296875,
        -8.876953125,
        -2.900390625,
        6.50390625,
        6.328125,
        1.23046875,
        -3.603515625,
        -21.796875,
        -21.884765625,
        -16.259765625,
        -10.72265625,
        0.087890625,
        0.0,
        -5.009765625,
        -9.580078125,
        -28.4765625,
        -28.65234375,
        -23.37890625,
        -18.10546875,
        -4.833984375
    ]
}