{
    "frame_numbers": [
        0,
        1,
        2,
        3,
        4,
        5,
        6,
        7,
        8,
        9,
        10,
        11,
        12,
        13,
        14,
        15,
        16,
        17,
        18,
        19,
        20,
        21,
        22,
        23,
        24,
        25,
        26,
        27,
        28,
        29,
        30,
        31,
        32,
        33,
        34,
        35,
        36,
        37,
        38,
        39,
        40,
        41,
        42,
        43
    ],
    "commanded_angles": [
        0.0,
        -0.087890625,
        -0.087890625,
        1.7578125,
        1.7578125,
        -0.52734375,
        -2.8125,
        6.50390625,
        6.50390625,
        -19.3359375,
        -45.17578125,
        -23.642578125,
        -23.642578125,
        -25.3125,
        -27.0703125,
        -10.72265625,
        -10.546875,
        -32.255859375,
        -53.876953125,
        -26.19140625,
        -26.19140625,
        -27.861328125,
        -29.619140625,
        -12.041015625,
        -11.953125,
        -33.22265625,
        -54.4921875,
        -27.158203125,
        -27.158203125,
        -28.740234375,
        -30.41015625,
        -12.48046875,
        -12.392578125,
        -35.33203125,
        -58.271484375,
        -29.35546875,
        -29.35546875,
        -31.025390625,
        -32.6953125,
        -15.732421875,
        -15.64453125,
        -36.5625,
        -57.568359375,
        -30.41015625
    ],
    "actual_angles": [
        0.3515625,
        0.3515625,
        0.3515625,
        2.109375,
        2.109375,
        1.845703125,
        0.0,
        7.119140625,
        7.119140625,
        -17.578125,
        -41.220703125,
        -22.67578125,
        -22.67578125,
        -22.939453125,
        -23.818359375,
        -9.755859375,
        -9.755859375,
        -28.916015625,
        -48.251953125,
        -25.400390625,
        -25.400390625,
        -25.576171875,
        -26.455078125,
        -11.162109375,
        -11.162109375,
        -30.05859375,
        -48.955078125,
        -26.3671875,
        -26.3671875,
        -26.54296875,
        -27.333984375,
        -11.6015625,
        -11.6015625,
        -32.16796875,
        -50.09765625,
        -28.65234375,
        -28.740234375,
        -28.828125,
        -29.443359375,
        -14.853515625,
        -14.853515625,
        -33.22265625,
        -50.009765625,
        -29.8828125
    ]
}