{
    "frame_numbers": [
        0,
        1,
        2,
        3,
        4,
        5,
        6,
        7,
        8,
        9,
        10,
        11,
        12,
        13,
        14,
        15,
        16,
        17,
        18,
        19,
        20,
        21,
        22,
        23,
        24,
        25,
        26,
        27,
        28,
        29,
        30,
        31,
        32,
        33,
        34,
        35,
        36,
        37,
        38,
        39,
        40,
        41,
        42,
        43
    ],
    "commanded_angles": [
        0.0,
        -15.46875,
        -30.849609375,
        -15.556640625,
        -15.556640625,
        -15.46875,
        -15.380859375,
        -14.94140625,
        -14.853515625,
        -17.40234375,
        -19.951171875,
        -7.998046875,
        -7.998046875,
        -7.998046875,
        -8.0859375,
        -7.646484375,
        -7.646484375,
        -19.6875,
        -31.728515625,
        -12.392578125,
        -12.392578125,
        -12.568359375,
        -12.744140625,
        -11.6015625,
        -11.6015625,
        -13.53515625,
        -15.556640625,
        -3.427734375,
        -3.427734375,
        -3.69140625,
        -3.955078125,
        -2.8125,
        -2.724609375,
        -5.537109375,
        -8.26171875,
        1.7578125,
        1.7578125,
        1.318359375,
        0.966796875,
        2.109375,
        2.197265625,
        -6.328125,
        -14.94140625,
        -4.833984375
    ],
    "actual_angles": [
        0.87890625,
        -12.744140625,
        -26.630859375,
        -15.205078125,
        -15.1171875,
        -15.1171875,
        -15.029296875,
        -14.677734375,
        -14.501953125,
        -14.853515625,
        -16.083984375,
        -7.646484375,
        -7.646484375,
        -7.646484375,
        -7.646484375,
        -7.470703125,
        -7.470703125,
        -16.171875,
        -26.982421875,
        -11.953125,
        -11.953125,
        -11.953125,
        -11.953125,
        -11.337890625,
        -11.337890625,
        -11.513671875,
        -12.12890625,
        -3.076171875,
        -3.076171875,
        -3.076171875,
        -3.076171875,
        -2.548828125,
        -2.4609375,
        -2.900390625,
        -4.921875,
        2.109375,
        2.109375,
        2.109375,
        2.109375,
        2.373046875,
        2.4609375,
        -3.251953125,
        -11.865234375,
        -4.482421875
    ]
}