{
    "frame_numbers": [
        0,
        1,
        2,
        3,
        4,
        5,
        6,
        7,
        8,
        9,
        10,
        11,
        12,
        13,
        14,
        15,
        16,
        17,
        18,
        19,
        20,
        21,
        22,
        23,
        24,
        25,
        26,
        27,
        28,
        29,
        30,
        31,
        32,
        33,
        34,
        35,
        36,
        37,
        38,
        39,
        40,
        41,
        42,
        43
    ],
    "commanded_angles": [
        0.0,
        -13.18359375,
        -26.3671875,
        -6.50390625,
        -6.50390625,
        -4.21875,
        -1.845703125,
        -3.955078125,
        -3.955078125,
        -10.986328125,
        -18.10546875,
        -0.52734375,
        -0.52734375,
        1.494140625,
        3.427734375,
        -2.548828125,
        -2.548828125,
        -9.228515625,
        -15.8203125,
        2.021484375,
        2.021484375,
        3.603515625,
        5.09765625,
        -3.8671875,
        -3.8671875,
        -9.052734375,
        -14.150390625,
        4.482421875,
        4.482421875,
        5.625,
        6.6796875,
        -4.658203125,
        -4.658203125,
        -8.876953125,
        -13.18359375,
        7.55859375,
        7.55859375,
        8.0859375,
        8.701171875,
        -5.361328125,
        -5.2734375,
        -8.525390625,
        -11.689453125,
        10.546875
    ],
    "actual_angles": [
        0.3515625,
        -9.66796875,
        -21.62109375,
        -10.8984375,
        -6.50390625,
        -4.74609375,
        -2.373046875,
        -2.63671875,
        -2.63671875,
        -8.0859375,
        -13.974609375,
        -4.39453125,
        -0.615234375,
        1.142578125,
        2.98828125,
        -0.087890625,
        -1.318359375,
        -6.767578125,
        -12.83203125,
        -0.966796875,
        2.021484375,
        3.076171875,
        4.658203125,
        -1.23046875,
        -2.724609375,
        -6.85546875,
        -11.337890625,
        0.3515625,
        4.482421875,
        5.2734375,
        6.328125,
        -1.494140625,
        -3.515625,
        -6.328125,
        -10.546875,
        2.4609375,
        7.55859375,
        7.646484375,
        8.349609375,
        -1.669921875,
        -4.306640625,
        -6.416015625,
        -9.228515625,
        6.416015625
    ]
}