{
    "frame_numbers": [
        0,
        1,
        2,
        3,
        4,
        5,
        6,
        7,
        8,
        9,
        10,
        11,
        12,
        13,
        14,
        15,
        16,
        17,
        18,
        19,
        20,
        21,
        22,
        23,
        24,
        25,
        26,
        27,
        28,
        29,
        30,
        31,
        32,
        33,
        34,
        35,
        36,
        37,
        38,
        39,
        40,
        41,
        42,
        43
    ],
    "commanded_angles": [
        0.0,
        1.58203125,
        3.251953125,
        6.50390625,
        6.50390625,
        0.87890625,
        -4.658203125,
        -7.3828125,
        -7.3828125,
        -3.515625,
        0.439453125,
        9.404296875,
        9.404296875,
        3.603515625,
        -2.109375,
        -5.185546875,
        -5.185546875,
        -0.966796875,
        3.33984375,
        11.6015625,
        11.6015625,
        5.9765625,
        0.263671875,
        -2.98828125,
        -2.98828125,
        1.58203125,
        6.064453125,
        14.326171875,
        14.326171875,
        8.701171875,
        3.1640625,
        -0.439453125,
        -0.439453125,
        4.39453125,
        9.140625,
        16.435546875,
        16.435546875,
        10.8984375,
        5.44921875,
        1.318359375,
        1.318359375,
        5.9765625,
        10.634765625,
        16.611328125
    ],
    "actual_angles": [
        2.548828125,
        2.548828125,
        3.515625,
        6.943359375,
        6.943359375,
        4.658203125,
        -1.0546875,
        -3.251953125,
        -3.515625,
        -3.427734375,
        0.703125,
        9.931640625,
        10.01953125,
        7.20703125,
        1.40625,
        -1.23046875,
        -1.494140625,
        -0.703125,
        3.955078125,
        12.3046875,
        12.3046875,
        9.66796875,
        4.21875,
        0.791015625,
        0.52734375,
        1.93359375,
        6.6796875,
        14.853515625,
        14.94140625,
        12.3046875,
        7.03125,
        3.515625,
        3.251953125,
        4.74609375,
        9.755859375,
        16.962890625,
        17.138671875,
        14.853515625,
        9.31640625,
        5.44921875,
        4.921875,
        6.328125,
        11.25,
        17.2265625
    ]
}