{
    "frame_numbers": [
        0,
        1,
        2,
        3,
        4,
        5,
        6,
        7,
        8,
        9,
        10,
        11,
        12,
        13,
        14,
        15,
        16,
        17,
        18,
        19,
        20,
        21,
        22,
        23,
        24,
        25,
        26,
        27,
        28,
        29,
        30,
        31,
        32,
        33,
        34,
        35,
        36,
        37,
        38,
        39,
        40,
        41,
        42,
        43
    ],
    "commanded_angles": [
        0.0,
        2.373046875,
        4.833984375,
        6.240234375,
        6.240234375,
        2.109375,
        -1.93359375,
        -12.48046875,
        -12.48046875,
        -6.328125,
        -0.263671875,
        3.076171875,
        3.076171875,
        -1.494140625,
        -6.064453125,
        -13.88671875,
        -13.88671875,
        -7.91015625,
        -2.021484375,
        1.40625,
        1.40625,
        -3.251953125,
        -7.822265625,
        -14.765625,
        -14.765625,
        -9.228515625,
        -3.779296875,
        -0.17578125,
        -0.17578125,
        -4.74609375,
        -9.31640625,
        -15.380859375,
        -15.380859375,
        -10.107421875,
        -4.833984375,
        -1.23046875,
        -1.23046875,
        -5.537109375,
        -9.84375,
        -15.556640625,
        -15.556640625,
        -10.546875,
        -5.625,
        -2.28515625
    ],
    "actual_angles": [
        0.263671875,
        1.845703125,
        4.21875,
        5.80078125,
        6.50390625,
        5.888671875,
        3.603515625,
        -5.44921875,
        -10.546875,
        -7.91015625,
        -2.724609375,
        1.318359375,
        2.4609375,
        1.318359375,
        -1.845703125,
        -8.701171875,
        -12.216796875,
        -9.84375,
        -4.5703125,
        -0.087890625,
        1.494140625,
        0.087890625,
        -3.076171875,
        -9.755859375,
        -12.744140625,
        -10.72265625,
        -6.064453125,
        -1.494140625,
        -0.087890625,
        -1.40625,
        -4.74609375,
        -10.634765625,
        -13.095703125,
        -11.513671875,
        -6.85546875,
        -2.28515625,
        -1.0546875,
        -2.197265625,
        -5.2734375,
        -10.8984375,
        -13.359375,
        -11.77734375,
        -7.20703125,
        -3.427734375
    ]
}