{
    "frame_numbers": [
        0,
        1,
        2,
        3,
        4,
        5,
        6,
        7,
        8,
        9,
        10,
        11,
        12,
        13,
        14,
        15,
        16,
        17,
        18,
        19,
        20,
        21,
        22,
        23,
        24,
        25,
        26,
        27,
        28,
        29,
        30,
        31,
        32,
        33,
        34,
        35,
        36,
        37,
        38,
        39,
        40,
        41,
        42,
        43
    ],
    "commanded_angles": [
        0.0,
        -2.98828125,
        -5.9765625,
        -7.998046875,
        -7.998046875,
        13.623046875,
        35.33203125,
        25.048828125,
        25.048828125,
        19.6875,
        14.4140625,
        4.74609375,
        4.833984375,
        21.357421875,
        37.880859375,
        31.640625,
        31.640625,
        26.71875,
        21.796875,
        10.810546875,
        10.8984375,
        25.048828125,
        39.19921875,
        34.8046875,
        34.8046875,
        30.146484375,
        25.48828125,
        16.083984375,
        16.171875,
        22.67578125,
        29.1796875,
        31.728515625,
        31.728515625,
        27.333984375,
        22.939453125,
        13.7109375,
        13.7109375,
        26.982421875,
        40.25390625,
        34.62890625,
        34.62890625,
        30.673828125,
        26.806640625,
        18.28125
    ],
    "actual_angles": [
        -0.087890625,
        -3.076171875,
        -6.15234375,
        -7.998046875,
        -7.998046875,
        13.88671875,
        35.947265625,
        25.13671875,
        25.13671875,
        19.6875,
        14.4140625,
        4.482421875,
        4.482421875,
        21.708984375,
        38.3203125,
        31.81640625,
        31.81640625,
        26.982421875,
        21.796875,
        10.810546875,
        10.810546875,
        25.576171875,
        39.638671875,
        35.33203125,
        35.33203125,
        30.41015625,
        25.751953125,
        16.083984375,
        16.171875,
        23.203125,
        29.619140625,
        31.728515625,
        31.728515625,
        27.509765625,
        23.203125,
        13.798828125,
        13.798828125,
        27.509765625,
        40.693359375,
        34.98046875,
        34.98046875,
        31.025390625,
        27.158203125,
        18.28125
    ]
}