{
    "frame_numbers": [
        0,
        1,
        2,
        3,
        4,
        5,
        6,
        7,
        8,
        9,
        10,
        11,
        12,
        13,
        14,
        15,
        16,
        17,
        18,
        19,
        20,
        21,
        22,
        23,
        24,
        25,
        26,
        27,
        28,
        29,
        30,
        31,
        32,
        33,
        34,
        35,
        36,
        37,
        38,
        39,
        40,
        41,
        42,
        43
    ],
    "commanded_angles": [
        0.0,
        -13.18359375,
        -26.3671875,
        -6.50390625,
        -6.50390625,
        -4.21875,
        -1.845703125,
        -3.955078125,
        -3.955078125,
        -10.986328125,
        -18.10546875,
        -0.52734375,
        -0.52734375,
        1.494140625,
        3.427734375,
        -2.548828125,
        -2.548828125,
        -9.228515625,
        -15.8203125,
        2.021484375,
        2.021484375,
        3.603515625,
        5.09765625,
        -3.8671875,
        -3.8671875,
        -9.052734375,
        -14.150390625,
        4.482421875,
        4.482421875,
        5.625,
        6.6796875,
        -4.658203125,
        -4.658203125,
        -8.876953125,
        -13.18359375,
        7.55859375,
        7.55859375,
        8.0859375,
        8.701171875,
        -5.361328125,
        -5.2734375,
        -8.525390625,
        -11.689453125,
        10.546875
    ],
    "actual_angles": [
        0.0,
        -13.18359375,
        -25.48828125,
        -4.21875,
        -5.537109375,
        -4.39453125,
        -1.845703125,
        -2.98828125,
        -3.251953125,
        -10.546875,
        -16.787109375,
        1.23046875,
        0.439453125,
        1.40625,
        3.515625,
        -1.7578125,
        -2.109375,
        -8.701171875,
        -14.853515625,
        3.69140625,
        2.98828125,
        3.427734375,
        5.009765625,
        -2.98828125,
        -3.779296875,
        -8.173828125,
        -13.0078125,
        5.537109375,
        5.44921875,
        5.44921875,
        6.591796875,
        -4.130859375,
        -4.833984375,
        -7.734375,
        -12.041015625,
        7.734375,
        8.876953125,
        8.7890625,
        8.7890625,
        -5.537109375,
        -5.537109375,
        -7.20703125,
        -10.458984375,
        12.83203125
    ]
}