{
    "frame_numbers": [
        0,
        1,
        2,
        3,
        4,
        5,
        6,
        7,
        8,
        9,
        10,
        11,
        12,
        13,
        14,
        15,
        16,
        17,
        18,
        19,
        20,
        21,
        22,
        23,
        24,
        25,
        26,
        27,
        28,
        29,
        30,
        31,
        32,
        33,
        34,
        35,
        36,
        37,
        38,
        39,
        40,
        41,
        42,
        43
    ],
    "commanded_angles": [
        0.0,
        -3.33984375,
        -6.591796875,
        -12.65625,
        -12.65625,
        -3.427734375,
        5.712890625,
        14.501953125,
        14.501953125,
        5.44921875,
        -3.603515625,
        -12.83203125,
        -12.83203125,
        -3.69140625,
        5.44921875,
        14.0625,
        14.0625,
        4.921875,
        -4.306640625,
        -12.041015625,
        -12.041015625,
        -3.33984375,
        5.361328125,
        13.623046875,
        13.623046875,
        4.5703125,
        -4.5703125,
        -11.6015625,
        -11.6015625,
        -3.251953125,
        5.185546875,
        13.0078125,
        13.0078125,
        4.130859375,
        -4.74609375,
        -11.42578125,
        -11.42578125,
        -3.515625,
        4.482421875,
        12.041015625,
        12.041015625,
        3.1640625,
        -5.625,
        -11.953125
    ],
    "actual_angles": [
        -0.791015625,
        -2.724609375,
        -6.15234375,
        -12.48046875,
        -12.568359375,
        -3.1640625,
        5.9765625,
        14.677734375,
        14.677734375,
        5.361328125,
        -3.779296875,
        -12.83203125,
        -12.83203125,
        -3.33984375,
        5.80078125,
        14.326171875,
        14.326171875,
        4.658203125,
        -4.482421875,
        -11.953125,
        -11.953125,
        -3.1640625,
        5.537109375,
        13.798828125,
        13.798828125,
        4.306640625,
        -4.74609375,
        -11.6015625,
        -11.513671875,
        -3.1640625,
        5.361328125,
        13.18359375,
        13.18359375,
        3.955078125,
        -4.833984375,
        -11.337890625,
        -11.337890625,
        -3.427734375,
        4.5703125,
        12.216796875,
        12.216796875,
        2.98828125,
        -5.712890625,
        -11.77734375
    ]
}