{
    "frame_numbers": [
        0,
        1,
        2,
        3,
        4,
        5,
        6,
        7,
        8,
        9,
        10,
        11,
        12,
        13,
        14,
        15,
        16,
        17,
        18,
        19,
        20,
        21,
        22,
        23,
        24,
        25,
        26,
        27,
        28,
        29,
        30,
        31,
        32,
        33,
        34,
        35,
        36,
        37,
        38,
        39,
        40,
        41,
        42,
        43
    ],
    "commanded_angles": [
        0.0,
        -4.5703125,
        -9.052734375,
        -13.7109375,
        -13.7109375,
        -4.482421875,
        4.658203125,
        13.798828125,
        13.798828125,
        4.482421875,
        -4.833984375,
        -13.7109375,
        -13.7109375,
        -4.39453125,
        4.833984375,
        12.216796875,
        12.216796875,
        3.427734375,
        -5.2734375,
        -13.447265625,
        -13.447265625,
        -4.39453125,
        4.5703125,
        11.77734375,
        11.77734375,
        3.427734375,
        -4.921875,
        -12.744140625,
        -12.744140625,
        -4.130859375,
        4.482421875,
        10.986328125,
        10.986328125,
        3.076171875,
        -4.74609375,
        -12.3046875,
        -12.3046875,
        -4.21875,
        3.8671875,
        10.8984375,
        10.8984375,
        3.515625,
        -3.955078125,
        -11.07421875
    ],
    "actual_angles": [
        0.087890625,
        -4.482421875,
        -9.140625,
        -13.7109375,
        -13.7109375,
        -4.04296875,
        5.09765625,
        13.974609375,
        13.88671875,
        4.21875,
        -5.09765625,
        -14.0625,
        -14.0625,
        -3.8671875,
        5.2734375,
        12.48046875,
        12.392578125,
        3.076171875,
        -5.537109375,
        -13.798828125,
        -13.7109375,
        -3.779296875,
        5.009765625,
        12.041015625,
        11.953125,
        3.076171875,
        -5.09765625,
        -13.0078125,
        -12.919921875,
        -3.69140625,
        4.921875,
        11.25,
        11.162109375,
        2.63671875,
        -4.921875,
        -12.65625,
        -12.65625,
        -3.779296875,
        4.21875,
        11.162109375,
        11.162109375,
        3.1640625,
        -4.130859375,
        -11.513671875
    ]
}