{
    "frame_numbers": [
        0,
        1,
        2,
        3,
        4,
        5,
        6,
        7,
        8,
        9,
        10,
        11,
        12,
        13,
        14,
        15,
        16,
        17,
        18,
        19,
        20,
        21,
        22,
        23,
        24,
        25,
        26,
        27,
        28,
        29,
        30,
        31,
        32,
        33,
        34,
        35,
        36,
        37,
        38,
        39,
        40,
        41,
        42,
        43
    ],
    "commanded_angles": [
        0.0,
        1.58203125,
        3.251953125,
        5.712890625,
        5.712890625,
        1.40625,
        -2.900390625,
        -11.162109375,
        -11.162109375,
        -5.44921875,
        0.17578125,
        3.779296875,
        3.779296875,
        -1.23046875,
        -6.15234375,
        -15.29296875,
        -15.29296875,
        -8.96484375,
        -2.63671875,
        1.318359375,
        1.318359375,
        -4.21875,
        -9.84375,
        -20.21484375,
        -20.21484375,
        -13.359375,
        -6.416015625,
        -2.28515625,
        -2.28515625,
        -9.404296875,
        -16.5234375,
        -27.24609375,
        -27.24609375,
        -19.51171875,
        -11.689453125,
        -6.85546875,
        -6.85546875,
        -14.0625,
        -21.26953125,
        -33.22265625,
        -33.22265625,
        -24.697265625,
        -16.171875,
        -11.25
    ],
    "actual_angles": [
        0.0,
        1.142578125,
        2.900390625,
        5.537109375,
        5.712890625,
        1.318359375,
        -2.98828125,
        -11.337890625,
        -11.337890625,
        -5.09765625,
        0.3515625,
        3.69140625,
        3.69140625,
        -1.40625,
        -6.240234375,
        -15.556640625,
        -15.556640625,
        -8.701171875,
        -2.373046875,
        1.23046875,
        1.23046875,
        -4.39453125,
        -9.931640625,
        -20.390625,
        -20.390625,
        -13.095703125,
        -6.15234375,
        -2.373046875,
        -2.373046875,
        -9.66796875,
        -16.787109375,
        -27.509765625,
        -27.421875,
        -19.16015625,
        -11.337890625,
        -6.85546875,
        -6.85546875,
        -14.4140625,
        -21.533203125,
        -33.3984375,
        -33.3984375,
        -24.2578125,
        -15.8203125,
        -11.25
    ]
}