{
    "frame_numbers": [
        0,
        1,
        2,
        3,
        4,
        5,
        6,
        7,
        8,
        9,
        10,
        11,
        12,
        13,
        14,
        15,
        16,
        17,
        18,
        19,
        20,
        21,
        22,
        23,
        24,
        25,
        26,
        27,
        28,
        29,
        30,
        31,
        32,
        33,
        34,
        35,
        36,
        37,
        38,
        39,
        40,
        41,
        42,
        43
    ],
    "commanded_angles": [
        0.0,
        -0.087890625,
        -0.087890625,
        -0.703125,
        -0.703125,
        -21.26953125,
        -41.923828125,
        -21.4453125,
        -21.4453125,
        -21.26953125,
        -21.09375,
        -21.181640625,
        -21.181640625,
        -22.763671875,
        -24.43359375,
        -10.01953125,
        -10.01953125,
        -10.01953125,
        -10.01953125,
        -9.755859375,
        -9.66796875,
        -21.26953125,
        -32.87109375,
        -12.919921875,
        -12.919921875,
        -13.0078125,
        -13.0078125,
        -12.744140625,
        -12.65625,
        -14.58984375,
        -16.5234375,
        -3.955078125,
        -3.955078125,
        -4.21875,
        -4.39453125,
        -3.955078125,
        -3.8671875,
        -6.591796875,
        -9.31640625,
        -4.921875,
        -4.921875,
        -5.185546875,
        -5.537109375,
        -4.482421875
    ],
    "actual_angles": [
        0.3515625,
        0.3515625,
        0.3515625,
        0.3515625,
        0.3515625,
        -21.09375,
        -41.748046875,
        -20.654296875,
        -20.654296875,
        -20.654296875,
        -20.654296875,
        -20.7421875,
        -20.654296875,
        -21.708984375,
        -23.37890625,
        -8.876953125,
        -8.876953125,
        -8.876953125,
        -9.052734375,
        -9.052734375,
        -9.052734375,
        -21.181640625,
        -32.607421875,
        -12.041015625,
        -12.041015625,
        -12.041015625,
        -12.216796875,
        -12.216796875,
        -12.216796875,
        -13.798828125,
        -15.8203125,
        -2.900390625,
        -2.900390625,
        -2.900390625,
        -3.1640625,
        -3.1640625,
        -3.1640625,
        -5.625,
        -8.525390625,
        -4.306640625,
        -4.306640625,
        -4.306640625,
        -4.39453125,
        -4.39453125
    ]
}