{
    "frame_numbers": [
        0,
        1,
        2,
        3,
        4,
        5,
        6,
        7,
        8,
        9,
        10,
        11,
        12,
        13,
        14,
        15,
        16,
        17,
        18,
        19,
        20,
        21,
        22,
        23,
        24,
        25,
        26,
        27,
        28,
        29,
        30,
        31,
        32,
        33,
        34,
        35,
        36,
        37,
        38,
        39,
        40,
        41,
        42,
        43
    ],
    "commanded_angles": [
        0.0,
        7.91015625,
        15.908203125,
        6.767578125,
        6.767578125,
        7.294921875,
        7.822265625,
        6.416015625,
        6.416015625,
        7.294921875,
        8.0859375,
        0.439453125,
        0.439453125,
        0.791015625,
        1.23046875,
        -1.23046875,
        -1.142578125,
        5.44921875,
        12.12890625,
        -0.3515625,
        -0.3515625,
        -0.087890625,
        0.263671875,
        -1.58203125,
        -1.494140625,
        -1.0546875,
        -0.615234375,
        -8.4375,
        -8.4375,
        -8.26171875,
        -8.0859375,
        -10.107421875,
        -10.01953125,
        -9.4921875,
        -8.876953125,
        -15.380859375,
        -15.380859375,
        -15.29296875,
        -15.205078125,
        -17.2265625,
        -17.138671875,
        -12.12890625,
        -7.119140625,
        -12.83203125
    ],
    "actual_angles": [
        -0.263671875,
        8.26171875,
        16.259765625,
        6.85546875,
        6.85546875,
        7.294921875,
        7.822265625,
        7.119140625,
        7.119140625,
        7.294921875,
        8.0859375,
        0.52734375,
        0.52734375,
        0.87890625,
        1.23046875,
        -0.615234375,
        -0.615234375,
        5.80078125,
        12.48046875,
        -0.263671875,
        -0.263671875,
        -0.17578125,
        0.263671875,
        -0.87890625,
        -0.87890625,
        -0.87890625,
        -0.615234375,
        -8.173828125,
        -8.173828125,
        -7.998046875,
        -7.91015625,
        -9.140625,
        -9.140625,
        -9.140625,
        -8.61328125,
        -14.853515625,
        -14.853515625,
        -14.853515625,
        -14.853515625,
        -16.083984375,
        -16.083984375,
        -11.689453125,
        -6.6796875,
        -12.12890625
    ]
}