{
    "frame_numbers": [
        0,
        1,
        2,
        3,
        4,
        5,
        6,
        7,
        8,
        9,
        10,
        11,
        12,
        13,
        14,
        15,
        16,
        17,
        18,
        19,
        20,
        21,
        22,
        23,
        24,
        25,
        26,
        27,
        28,
        29,
        30,
        31,
        32,
        33,
        34,
        35,
        36,
        37,
        38,
        39,
        40,
        41,
        42,
        43
    ],
    "commanded_angles": [
        0.0,
        0.0,
        0.087890625,
        5.888671875,
        5.888671875,
        0.615234375,
        -4.5703125,
        -18.017578125,
        -18.017578125,
        3.515625,
        25.048828125,
        20.91796875,
        20.91796875,
        15.908203125,
        10.810546875,
        -7.20703125,
        -7.119140625,
        11.77734375,
        30.673828125,
        22.939453125,
        22.939453125,
        18.017578125,
        13.095703125,
        -6.15234375,
        -6.064453125,
        12.568359375,
        31.11328125,
        23.466796875,
        23.466796875,
        18.720703125,
        13.88671875,
        -4.482421875,
        -4.39453125,
        14.853515625,
        34.013671875,
        25.400390625,
        25.400390625,
        20.654296875,
        15.908203125,
        -1.494140625,
        -1.40625,
        16.611328125,
        34.62890625,
        26.806640625
    ],
    "actual_angles": [
        0.87890625,
        0.87890625,
        0.87890625,
        5.888671875,
        5.888671875,
        1.0546875,
        -4.04296875,
        -17.841796875,
        -17.841796875,
        4.130859375,
        25.224609375,
        21.357421875,
        21.26953125,
        16.171875,
        11.25,
        -7.20703125,
        -7.20703125,
        12.216796875,
        30.849609375,
        22.8515625,
        22.8515625,
        18.28125,
        13.447265625,
        -6.064453125,
        -6.064453125,
        13.0078125,
        31.2890625,
        23.37890625,
        23.37890625,
        18.984375,
        14.23828125,
        -4.39453125,
        -4.39453125,
        15.29296875,
        34.1015625,
        25.224609375,
        25.224609375,
        21.005859375,
        16.259765625,
        -1.494140625,
        -1.494140625,
        16.962890625,
        34.62890625,
        26.71875
    ]
}