{
    "frame_numbers": [
        0,
        1,
        2,
        3,
        4,
        5,
        6,
        7,
        8,
        9,
        10,
        11,
        12,
        13,
        14,
        15,
        16,
        17,
        18,
        19,
        20,
        21,
        22,
        23,
        24,
        25,
        26,
        27,
        28,
        29,
        30,
        31,
        32,
        33,
        34,
        35,
        36,
        37,
        38,
        39,
        40,
        41,
        42,
        43
    ],
    "commanded_angles": [
        0.0,
        2.373046875,
        4.833984375,
        6.240234375,
        6.240234375,
        2.109375,
        -1.93359375,
        -12.48046875,
        -12.48046875,
        -6.328125,
        -0.263671875,
        3.076171875,
        3.076171875,
        -1.494140625,
        -6.064453125,
        -13.88671875,
        -13.88671875,
        -7.91015625,
        -2.021484375,
        1.40625,
        1.40625,
        -3.251953125,
        -7.822265625,
        -14.765625,
        -14.765625,
        -9.228515625,
        -3.779296875,
        -0.17578125,
        -0.17578125,
        -4.74609375,
        -9.31640625,
        -15.380859375,
        -15.380859375,
        -10.107421875,
        -4.833984375,
        -1.23046875,
        -1.23046875,
        -5.537109375,
        -9.84375,
        -15.556640625,
        -15.556640625,
        -10.546875,
        -5.625,
        -2.28515625
    ],
    "actual_angles": [
        -0.615234375,
        1.7578125,
        4.130859375,
        5.44921875,
        5.625,
        3.076171875,
        -0.966796875,
        -10.634765625,
        -12.83203125,
        -7.3828125,
        -1.0546875,
        2.28515625,
        2.8125,
        -0.966796875,
        -5.44921875,
        -12.919921875,
        -14.0625,
        -8.876953125,
        -2.724609375,
        0.52734375,
        1.142578125,
        -2.4609375,
        -7.03125,
        -13.53515625,
        -14.853515625,
        -10.01953125,
        -4.21875,
        -0.87890625,
        -0.263671875,
        -4.04296875,
        -8.701171875,
        -14.326171875,
        -15.380859375,
        -10.8984375,
        -5.44921875,
        -2.021484375,
        -1.40625,
        -5.009765625,
        -9.228515625,
        -14.58984375,
        -15.556640625,
        -11.25,
        -6.240234375,
        -3.076171875
    ]
}