{
    "frame_numbers": [
        0,
        1,
        2,
        3,
        4,
        5,
        6,
        7,
        8,
        9,
        10,
        11,
        12,
        13,
        14,
        15,
        16,
        17,
        18,
        19,
        20,
        21,
        22,
        23,
        24,
        25,
        26,
        27,
        28,
        29,
        30,
        31,
        32,
        33,
        34,
        35,
        36,
        37,
        38,
        39,
        40,
        41,
        42,
        43
    ],
    "commanded_angles": [
        0.0,
        3.076171875,
        6.240234375,
        -9.052734375,
        -9.052734375,
        -2.63671875,
        3.69140625,
        11.77734375,
        11.77734375,
        7.03125,
        2.28515625,
        -14.765625,
        -14.765625,
        -8.7890625,
        -2.900390625,
        7.822265625,
        7.822265625,
        3.076171875,
        -1.58203125,
        -19.072265625,
        -19.072265625,
        -13.53515625,
        -7.91015625,
        4.658203125,
        4.658203125,
        -0.3515625,
        -5.44921875,
        -24.08203125,
        -24.08203125,
        -18.720703125,
        -13.447265625,
        1.142578125,
        1.23046875,
        -3.955078125,
        -9.052734375,
        -29.970703125,
        -29.970703125,
        -24.9609375,
        -19.86328125,
        -2.98828125,
        -2.98828125,
        -8.0859375,
        -13.18359375,
        -35.947265625
    ],
    "actual_angles": [
        0.791015625,
        3.1640625,
        6.591796875,
        -9.755859375,
        -8.96484375,
        -2.109375,
        4.130859375,
        12.3046875,
        12.041015625,
        7.20703125,
        2.548828125,
        -15.64453125,
        -14.58984375,
        -8.26171875,
        -2.373046875,
        8.876953125,
        8.349609375,
        3.1640625,
        -1.318359375,
        -19.775390625,
        -18.80859375,
        -12.919921875,
        -7.470703125,
        5.888671875,
        5.185546875,
        -0.263671875,
        -5.09765625,
        -24.873046875,
        -23.818359375,
        -18.017578125,
        -12.83203125,
        2.724609375,
        1.7578125,
        -3.779296875,
        -8.7890625,
        -31.025390625,
        -29.794921875,
        -24.345703125,
        -19.248046875,
        -1.0546875,
        -2.28515625,
        -7.91015625,
        -12.65625,
        -37.353515625
    ]
}