{
    "frame_numbers": [
        0,
        1,
        2,
        3,
        4,
        5,
        6,
        7,
        8,
        9,
        10,
        11,
        12,
        13,
        14,
        15,
        16,
        17,
        18,
        19,
        20,
        21,
        22,
        23,
        24,
        25,
        26,
        27,
        28,
        29,
        30,
        31,
        32,
        33,
        34,
        35,
        36,
        37,
        38,
        39,
        40,
        41,
        42,
        43
    ],
    "commanded_angles": [
        0.0,
        1.58203125,
        3.251953125,
        6.50390625,
        6.50390625,
        0.87890625,
        -4.658203125,
        -7.3828125,
        -7.3828125,
        -3.515625,
        0.439453125,
        9.404296875,
        9.404296875,
        3.603515625,
        -2.109375,
        -5.185546875,
        -5.185546875,
        -0.966796875,
        3.33984375,
        11.6015625,
        11.6015625,
        5.9765625,
        0.263671875,
        -2.98828125,
        -2.98828125,
        1.58203125,
        6.064453125,
        14.326171875,
        14.326171875,
        8.701171875,
        3.1640625,
        -0.439453125,
        -0.439453125,
        4.39453125,
        9.140625,
        16.435546875,
        16.435546875,
        10.8984375,
        5.44921875,
        1.318359375,
        1.318359375,
        5.9765625,
        10.634765625,
        16.611328125
    ],
    "actual_angles": [
        0.087890625,
        1.40625,
        2.900390625,
        6.416015625,
        6.416015625,
        0.615234375,
        -4.833984375,
        -7.20703125,
        -7.20703125,
        -3.515625,
        0.439453125,
        10.107421875,
        9.4921875,
        2.98828125,
        -2.4609375,
        -5.185546875,
        -5.185546875,
        -0.87890625,
        3.427734375,
        11.953125,
        11.77734375,
        5.712890625,
        0.087890625,
        -2.900390625,
        -2.900390625,
        1.845703125,
        6.328125,
        14.765625,
        14.58984375,
        8.61328125,
        3.076171875,
        -0.3515625,
        -0.263671875,
        4.5703125,
        9.228515625,
        16.611328125,
        16.5234375,
        10.634765625,
        5.09765625,
        1.142578125,
        1.142578125,
        6.15234375,
        10.72265625,
        16.611328125
    ]
}