{
    "frame_numbers": [
        0,
        1,
        2,
        3,
        4,
        5,
        6,
        7,
        8,
        9,
        10,
        11,
        12,
        13,
        14,
        15,
        16,
        17,
        18,
        19,
        20,
        21,
        22,
        23,
        24,
        25,
        26,
        27,
        28,
        29,
        30,
        31,
        32,
        33,
        34,
        35,
        36,
        37,
        38,
        39,
        40,
        41,
        42,
        43
    ],
    "commanded_angles": [
        0.0,
        1.669921875,
        3.427734375,
        4.74609375,
        4.74609375,
        -15.029296875,
        -34.892578125,
        -9.228515625,
        -9.228515625,
        -6.767578125,
        -4.39453125,
        -5.09765625,
        -5.09765625,
        -11.953125,
        -18.896484375,
        -0.703125,
        -0.703125,
        1.494140625,
        3.603515625,
        0.17578125,
        0.17578125,
        -13.18359375,
        -26.630859375,
        -3.33984375,
        -3.33984375,
        -1.58203125,
        0.263671875,
        -4.306640625,
        -4.306640625,
        -9.580078125,
        -14.94140625,
        3.515625,
        3.515625,
        4.921875,
        6.328125,
        0.087890625,
        0.087890625,
        -5.2734375,
        -10.546875,
        7.91015625,
        7.91015625,
        8.7890625,
        9.755859375,
        0.703125
    ],
    "actual_angles": [
        0.52734375,
        1.7578125,
        3.603515625,
        4.833984375,
        4.833984375,
        -15.46875,
        -34.716796875,
        -7.119140625,
        -8.349609375,
        -6.591796875,
        -4.21875,
        -4.482421875,
        -4.482421875,
        -11.77734375,
        -18.544921875,
        1.0546875,
        0.263671875,
        1.669921875,
        3.8671875,
        0.87890625,
        0.87890625,
        -13.18359375,
        -26.54296875,
        -0.966796875,
        -2.548828125,
        -1.494140625,
        0.439453125,
        -3.779296875,
        -3.779296875,
        -9.140625,
        -14.4140625,
        5.361328125,
        4.5703125,
        4.921875,
        6.50390625,
        0.52734375,
        0.52734375,
        -5.009765625,
        -9.931640625,
        9.580078125,
        9.052734375,
        9.052734375,
        9.755859375,
        0.791015625
    ]
}