{
    "frame_numbers": [
        0,
        1,
        2,
        3,
        4,
        5,
        6,
        7,
        8,
        9,
        10,
        11,
        12,
        13,
        14,
        15,
        16,
        17,
        18,
        19,
        20,
        21,
        22,
        23,
        24,
        25,
        26,
        27,
        28,
        29,
        30,
        31,
        32,
        33,
        34,
        35,
        36,
        37,
        38,
        39,
        40,
        41,
        42,
        43
    ],
    "commanded_angles": [
        0.0,
        -0.087890625,
        -0.087890625,
        1.7578125,
        1.7578125,
        -0.52734375,
        -2.8125,
        6.50390625,
        6.50390625,
        -19.3359375,
        -45.17578125,
        -23.642578125,
        -23.642578125,
        -25.3125,
        -27.0703125,
        -10.72265625,
        -10.546875,
        -32.255859375,
        -53.876953125,
        -26.19140625,
        -26.19140625,
        -27.861328125,
        -29.619140625,
        -12.041015625,
        -11.953125,
        -33.22265625,
        -54.4921875,
        -27.158203125,
        -27.158203125,
        -28.740234375,
        -30.41015625,
        -12.48046875,
        -12.392578125,
        -35.33203125,
        -58.271484375,
        -29.35546875,
        -29.35546875,
        -31.025390625,
        -32.6953125,
        -15.732421875,
        -15.64453125,
        -36.5625,
        -57.568359375,
        -30.41015625
    ],
    "actual_angles": [
        0.87890625,
        0.87890625,
        0.87890625,
        2.28515625,
        2.28515625,
        1.318359375,
        -1.23046875,
        7.998046875,
        7.998046875,
        -18.80859375,
        -44.82421875,
        -22.1484375,
        -22.1484375,
        -23.5546875,
        -25.400390625,
        -8.96484375,
        -9.052734375,
        -31.81640625,
        -50.09765625,
        -24.78515625,
        -24.78515625,
        -26.103515625,
        -27.861328125,
        -10.283203125,
        -10.283203125,
        -32.958984375,
        -50.361328125,
        -25.751953125,
        -25.751953125,
        -27.0703125,
        -28.65234375,
        -10.8984375,
        -10.986328125,
        -35.068359375,
        -51.50390625,
        -27.94921875,
        -27.94921875,
        -29.1796875,
        -30.76171875,
        -14.150390625,
        -14.150390625,
        -36.298828125,
        -51.328125,
        -28.916015625
    ]
}