{
    "frame_numbers": [
        0,
        1,
        2,
        3,
        4,
        5,
        6,
        7,
        8,
        9,
        10,
        11,
        12,
        13,
        14,
        15,
        16,
        17,
        18,
        19,
        20,
        21,
        22,
        23,
        24,
        25,
        26,
        27,
        28,
        29,
        30,
        31,
        32,
        33,
        34,
        35,
        36,
        37,
        38,
        39,
        40,
        41,
        42,
        43
    ],
    "commanded_angles": [
        0.0,
        -4.5703125,
        -9.052734375,
        -13.7109375,
        -13.7109375,
        -4.482421875,
        4.658203125,
        13.798828125,
        13.798828125,
        4.482421875,
        -4.833984375,
        -13.7109375,
        -13.7109375,
        -4.39453125,
        4.833984375,
        12.216796875,
        12.216796875,
        3.427734375,
        -5.2734375,
        -13.447265625,
        -13.447265625,
        -4.39453125,
        4.5703125,
        11.77734375,
        11.77734375,
        3.427734375,
        -4.921875,
        -12.744140625,
        -12.744140625,
        -4.130859375,
        4.482421875,
        10.986328125,
        10.986328125,
        3.076171875,
        -4.74609375,
        -12.3046875,
        -12.3046875,
        -4.21875,
        3.8671875,
        10.8984375,
        10.8984375,
        3.515625,
        -3.955078125,
        -11.07421875
    ],
    "actual_angles": [
        0.17578125,
        -4.658203125,
        -9.052734375,
        -13.53515625,
        -13.53515625,
        -4.130859375,
        6.064453125,
        13.447265625,
        13.359375,
        3.955078125,
        -5.2734375,
        -13.7109375,
        -13.623046875,
        -4.21875,
        0.966796875,
        12.568359375,
        11.953125,
        2.98828125,
        -5.625,
        -13.623046875,
        -13.53515625,
        -4.130859375,
        3.515625,
        7.646484375,
        7.646484375,
        4.5703125,
        -4.658203125,
        -8.349609375,
        -8.349609375,
        -5.009765625,
        -0.263671875,
        7.20703125,
        7.20703125,
        3.33984375,
        -5.009765625,
        -8.96484375,
        -8.96484375,
        -5.625,
        -0.087890625,
        6.85546875,
        6.85546875,
        3.427734375,
        -4.306640625,
        -9.755859375
    ]
}