{
    "frame_numbers": [
        0,
        1,
        2,
        3,
        4,
        5,
        6,
        7,
        8,
        9,
        10,
        11,
        12,
        13,
        14,
        15,
        16,
        17,
        18,
        19,
        20,
        21,
        22,
        23,
        24,
        25,
        26,
        27,
        28,
        29,
        30,
        31,
        32,
        33,
        34,
        35,
        36,
        37,
        38,
        39,
        40,
        41,
        42,
        43
    ],
    "commanded_angles": [
        0.0,
        -13.18359375,
        -26.3671875,
        -6.50390625,
        -6.50390625,
        -4.21875,
        -1.845703125,
        -3.955078125,
        -3.955078125,
        -10.986328125,
        -18.10546875,
        -0.52734375,
        -0.52734375,
        1.494140625,
        3.427734375,
        -2.548828125,
        -2.548828125,
        -9.228515625,
        -15.8203125,
        2.021484375,
        2.021484375,
        3.603515625,
        5.09765625,
        -3.8671875,
        -3.8671875,
        -9.052734375,
        -14.150390625,
        4.482421875,
        4.482421875,
        5.625,
        6.6796875,
        -4.658203125,
        -4.658203125,
        -8.876953125,
        -13.18359375,
        7.55859375,
        7.55859375,
        8.0859375,
        8.701171875,
        -5.361328125,
        -5.2734375,
        -8.525390625,
        -11.689453125,
        10.546875
    ],
    "actual_angles": [
        -0.17578125,
        -11.77734375,
        -25.48828125,
        -5.09765625,
        -5.44921875,
        -5.2734375,
        -4.74609375,
        -6.15234375,
        -6.064453125,
        -10.546875,
        -13.53515625,
        0.3515625,
        -0.263671875,
        0.966796875,
        0.87890625,
        -2.63671875,
        -3.8671875,
        -7.646484375,
        -9.31640625,
        2.197265625,
        2.63671875,
        2.724609375,
        2.28515625,
        -8.61328125,
        -8.61328125,
        -9.4921875,
        -12.392578125,
        5.185546875,
        4.658203125,
        3.955078125,
        3.33984375,
        -6.50390625,
        -6.767578125,
        -8.0859375,
        -10.986328125,
        9.4921875,
        8.876953125,
        7.646484375,
        6.328125,
        -7.470703125,
        -7.822265625,
        -8.349609375,
        -9.931640625,
        10.1953125
    ]
}