{
    "frame_numbers": [
        0,
        1,
        2,
        3,
        4,
        5,
        6,
        7,
        8,
        9,
        10,
        11,
        12,
        13,
        14,
        15,
        16,
        17,
        18,
        19,
        20,
        21,
        22,
        23,
        24,
        25,
        26,
        27,
        28,
        29,
        30,
        31,
        32,
        33,
        34,
        35,
        36,
        37,
        38,
        39,
        40,
        41,
        42,
        43
    ],
    "commanded_angles": [
        0.0,
        -0.087890625,
        -0.087890625,
        -1.23046875,
        -1.23046875,
        9.931640625,
        21.005859375,
        8.701171875,
        8.701171875,
        9.4921875,
        10.37109375,
        8.96484375,
        9.052734375,
        9.4921875,
        9.931640625,
        0.791015625,
        0.791015625,
        1.318359375,
        1.93359375,
        0.263671875,
        0.3515625,
        6.591796875,
        12.83203125,
        0.0,
        0.0,
        0.52734375,
        1.0546875,
        -0.615234375,
        -0.52734375,
        -0.17578125,
        0.263671875,
        -7.822265625,
        -7.822265625,
        -7.470703125,
        -7.119140625,
        -8.701171875,
        -8.701171875,
        -8.0859375,
        -7.470703125,
        -8.96484375,
        -8.96484375,
        -8.7890625,
        -8.525390625,
        -10.1953125
    ],
    "actual_angles": [
        0.439453125,
        0.439453125,
        0.439453125,
        -0.966796875,
        -1.0546875,
        10.283203125,
        21.4453125,
        9.052734375,
        9.052734375,
        9.66796875,
        10.1953125,
        9.580078125,
        9.580078125,
        9.580078125,
        9.931640625,
        1.23046875,
        1.23046875,
        1.58203125,
        1.40625,
        0.52734375,
        0.615234375,
        6.767578125,
        13.0078125,
        0.087890625,
        0.087890625,
        0.263671875,
        0.0,
        -0.703125,
        -0.703125,
        -0.615234375,
        -0.17578125,
        -5.9765625,
        -5.9765625,
        -7.3828125,
        -7.294921875,
        -8.4375,
        -8.4375,
        -7.822265625,
        -7.55859375,
        -8.26171875,
        -8.349609375,
        -9.140625,
        -8.876953125,
        -10.546875
    ]
}