{
    "frame_numbers": [
        0,
        1,
        2,
        3,
        4,
        5,
        6,
        7,
        8,
        9,
        10,
        11,
        12,
        13,
        14,
        15,
        16,
        17,
        18,
        19,
        20,
        21,
        22,
        23,
        24,
        25,
        26,
        27,
        28,
        29,
        30,
        31,
        32,
        33,
        34,
        35,
        36,
        37,
        38,
        39,
        40,
        41,
        42,
        43
    ],
    "commanded_angles": [
        0.0,
        -0.087890625,
        -0.087890625,
        -0.703125,
        -0.703125,
        -21.26953125,
        -41.923828125,
        -21.4453125,
        -21.4453125,
        -21.26953125,
        -21.09375,
        -21.181640625,
        -21.181640625,
        -22.763671875,
        -24.43359375,
        -10.01953125,
        -10.01953125,
        -10.01953125,
        -10.01953125,
        -9.755859375,
        -9.66796875,
        -21.26953125,
        -32.87109375,
        -12.919921875,
        -12.919921875,
        -13.0078125,
        -13.0078125,
        -12.744140625,
        -12.65625,
        -14.58984375,
        -16.5234375,
        -3.955078125,
        -3.955078125,
        -4.21875,
        -4.39453125,
        -3.955078125,
        -3.8671875,
        -6.591796875,
        -9.31640625,
        -4.921875,
        -4.921875,
        -5.185546875,
        -5.537109375,
        -4.482421875
    ],
    "actual_angles": [
        0.087890625,
        -0.52734375,
        -0.615234375,
        -0.791015625,
        -0.703125,
        -21.09375,
        -41.748046875,
        -20.654296875,
        -20.654296875,
        -20.7421875,
        -20.7421875,
        -20.91796875,
        -20.91796875,
        -21.884765625,
        -23.115234375,
        -9.4921875,
        -9.4921875,
        -9.84375,
        -10.546875,
        -9.4921875,
        -9.4921875,
        -21.181640625,
        -32.431640625,
        -13.0078125,
        -13.0078125,
        -13.53515625,
        -14.4140625,
        -14.150390625,
        -14.150390625,
        -14.765625,
        -16.611328125,
        -6.943359375,
        -6.943359375,
        -7.20703125,
        -7.20703125,
        -6.943359375,
        -6.943359375,
        -6.85546875,
        -9.580078125,
        -8.61328125,
        -8.61328125,
        -8.61328125,
        -8.61328125,
        -7.998046875
    ]
}