{
    "frame_numbers": [
        0,
        1,
        2,
        3,
        4,
        5,
        6,
        7,
        8,
        9,
        10,
        11,
        12,
        13,
        14,
        15,
        16,
        17,
        18,
        19,
        20,
        21,
        22,
        23,
        24,
        25,
        26,
        27,
        28,
        29,
        30,
        31,
        32,
        33,
        34,
        35,
        36,
        37,
        38,
        39,
        40,
        41,
        42,
        43
    ],
    "commanded_angles": [
        0.0,
        0.0,
        0.087890625,
        5.888671875,
        5.888671875,
        0.615234375,
        -4.5703125,
        -18.017578125,
        -18.017578125,
        3.515625,
        25.048828125,
        20.91796875,
        20.91796875,
        15.908203125,
        10.810546875,
        -7.20703125,
        -7.119140625,
        11.77734375,
        30.673828125,
        22.939453125,
        22.939453125,
        18.017578125,
        13.095703125,
        -6.15234375,
        -6.064453125,
        12.568359375,
        31.11328125,
        23.466796875,
        23.466796875,
        18.720703125,
        13.88671875,
        -4.482421875,
        -4.39453125,
        14.853515625,
        34.013671875,
        25.400390625,
        25.400390625,
        20.654296875,
        15.908203125,
        -1.494140625,
        -1.40625,
        16.611328125,
        34.62890625,
        26.806640625
    ],
    "actual_angles": [
        0.615234375,
        -0.52734375,
        -1.494140625,
        -0.87890625,
        -0.87890625,
        1.23046875,
        -5.44921875,
        -18.80859375,
        -18.80859375,
        4.21875,
        25.400390625,
        20.21484375,
        20.390625,
        19.3359375,
        18.720703125,
        -6.591796875,
        -6.591796875,
        12.3046875,
        30.76171875,
        22.236328125,
        22.236328125,
        21.357421875,
        13.88671875,
        -6.85546875,
        -6.85546875,
        13.095703125,
        29.35546875,
        20.302734375,
        20.302734375,
        18.017578125,
        12.744140625,
        -4.658203125,
        -4.5703125,
        15.380859375,
        33.486328125,
        22.5,
        22.5,
        20.91796875,
        15.8203125,
        -1.93359375,
        -1.93359375,
        16.962890625,
        32.607421875,
        22.939453125
    ]
}