{
    "frame_numbers": [
        0,
        1,
        2,
        3,
        4,
        5,
        6,
        7,
        8,
        9,
        10,
        11,
        12,
        13,
        14,
        15,
        16,
        17,
        18,
        19,
        20,
        21,
        22,
        23,
        24,
        25,
        26,
        27,
        28,
        29,
        30,
        31,
        32,
        33,
        34,
        35,
        36,
        37,
        38,
        39,
        40,
        41,
        42,
        43
    ],
    "commanded_angles": [
        0.0,
        1.58203125,
        3.251953125,
        6.50390625,
        6.50390625,
        0.87890625,
        -4.658203125,
        -7.3828125,
        -7.3828125,
        -3.515625,
        0.439453125,
        9.404296875,
        9.404296875,
        3.603515625,
        -2.109375,
        -5.185546875,
        -5.185546875,
        -0.966796875,
        3.33984375,
        11.6015625,
        11.6015625,
        5.9765625,
        0.263671875,
        -2.98828125,
        -2.98828125,
        1.58203125,
        6.064453125,
        14.326171875,
        14.326171875,
        8.701171875,
        3.1640625,
        -0.439453125,
        -0.439453125,
        4.39453125,
        9.140625,
        16.435546875,
        16.435546875,
        10.8984375,
        5.44921875,
        1.318359375,
        1.318359375,
        5.9765625,
        10.634765625,
        16.611328125
    ],
    "actual_angles": [
        0.3515625,
        1.23046875,
        2.98828125,
        5.625,
        6.240234375,
        2.373046875,
        -4.74609375,
        -7.3828125,
        -7.294921875,
        -3.427734375,
        0.615234375,
        10.1953125,
        9.84375,
        5.009765625,
        1.0546875,
        -4.04296875,
        -5.2734375,
        -0.52734375,
        3.076171875,
        12.48046875,
        12.392578125,
        7.822265625,
        -0.263671875,
        -2.724609375,
        -2.8125,
        -0.17578125,
        4.306640625,
        8.876953125,
        9.66796875,
        8.96484375,
        2.8125,
        0.3515625,
        0.17578125,
        2.28515625,
        6.767578125,
        11.162109375,
        11.6015625,
        11.337890625,
        4.658203125,
        2.373046875,
        2.28515625,
        4.04296875,
        8.701171875,
        13.447265625
    ]
}