{
    "frame_numbers": [
        0,
        1,
        2,
        3,
        4,
        5,
        6,
        7,
        8,
        9,
        10,
        11,
        12,
        13,
        14,
        15,
        16,
        17,
        18,
        19,
        20,
        21,
        22,
        23,
        24,
        25,
        26,
        27,
        28,
        29,
        30,
        31,
        32,
        33,
        34,
        35,
        36,
        37,
        38,
        39,
        40,
        41,
        42,
        43
    ],
    "commanded_angles": [
        0.0,
        -1.7578125,
        -3.515625,
        -3.1640625,
        -3.076171875,
        -30.234375,
        -57.3046875,
        -25.3125,
        -25.3125,
        -27.509765625,
        -29.794921875,
        -23.203125,
        -23.115234375,
        -41.572265625,
        -60.029296875,
        -34.716796875,
        -34.716796875,
        -36.826171875,
        -38.935546875,
        -29.8828125,
        -29.70703125,
        -44.296875,
        -58.798828125,
        -37.705078125,
        -37.705078125,
        -39.814453125,
        -41.923828125,
        -35.068359375,
        -34.98046875,
        -35.68359375,
        -36.38671875,
        -29.794921875,
        -29.794921875,
        -31.81640625,
        -33.92578125,
        -28.212890625,
        -28.125,
        -43.2421875,
        -58.271484375,
        -37.705078125,
        -37.705078125,
        -39.462890625,
        -41.30859375,
        -35.68359375
    ],
    "actual_angles": [
        -0.263671875,
        -1.669921875,
        -3.076171875,
        -2.98828125,
        -2.98828125,
        -29.8828125,
        -51.15234375,
        -26.455078125,
        -26.455078125,
        -27.0703125,
        -27.509765625,
        -22.67578125,
        -22.587890625,
        -40.60546875,
        -51.50390625,
        -35.068359375,
        -35.068359375,
        -35.5078125,
        -35.595703125,
        -29.53125,
        -29.443359375,
        -42.890625,
        -51.328125,
        -42.451171875,
        -42.451171875,
        -42.36328125,
        -42.5390625,
        -35.5078125,
        -35.5078125,
        -35.5078125,
        -37.353515625,
        -32.431640625,
        -32.431640625,
        -32.431640625,
        -34.541015625,
        -28.4765625,
        -28.4765625,
        -42.099609375,
        -51.240234375,
        -39.111328125,
        -39.111328125,
        -39.375,
        -41.30859375,
        -36.298828125
    ]
}