{
    "frame_numbers": [
        0,
        1,
        2,
        3,
        4,
        5,
        6,
        7,
        8,
        9,
        10,
        11,
        12,
        13,
        14,
        15,
        16,
        17,
        18,
        19,
        20,
        21,
        22,
        23,
        24,
        25,
        26,
        27,
        28,
        29,
        30,
        31,
        32,
        33,
        34,
        35,
        36,
        37,
        38,
        39,
        40,
        41,
        42,
        43
    ],
    "commanded_angles": [
        0.0,
        1.669921875,
        3.427734375,
        4.74609375,
        4.74609375,
        -15.029296875,
        -34.892578125,
        -9.228515625,
        -9.228515625,
        -6.767578125,
        -4.39453125,
        -5.09765625,
        -5.09765625,
        -11.953125,
        -18.896484375,
        -0.703125,
        -0.703125,
        1.494140625,
        3.603515625,
        0.17578125,
        0.17578125,
        -13.18359375,
        -26.630859375,
        -3.33984375,
        -3.33984375,
        -1.58203125,
        0.263671875,
        -4.306640625,
        -4.306640625,
        -9.580078125,
        -14.94140625,
        3.515625,
        3.515625,
        4.921875,
        6.328125,
        0.087890625,
        0.087890625,
        -5.2734375,
        -10.546875,
        7.91015625,
        7.91015625,
        8.7890625,
        9.755859375,
        0.703125
    ],
    "actual_angles": [
        -0.87890625,
        -1.0546875,
        -1.0546875,
        -1.142578125,
        -1.142578125,
        -17.314453125,
        -34.541015625,
        -6.50390625,
        -8.26171875,
        -6.591796875,
        -5.712890625,
        -6.591796875,
        -6.416015625,
        -10.37109375,
        -13.18359375,
        -0.615234375,
        -0.52734375,
        0.703125,
        0.615234375,
        -1.93359375,
        -2.63671875,
        -13.0078125,
        -26.19140625,
        -2.28515625,
        -3.33984375,
        -3.427734375,
        -3.603515625,
        -6.85546875,
        -6.85546875,
        -9.66796875,
        -14.501953125,
        4.04296875,
        3.33984375,
        2.98828125,
        2.900390625,
        -3.251953125,
        -3.251953125,
        -5.712890625,
        -9.931640625,
        7.91015625,
        7.55859375,
        7.03125,
        6.6796875,
        -4.5703125
    ]
}