{
    "frame_numbers": [
        0,
        1,
        2,
        3,
        4,
        5,
        6,
        7,
        8,
        9,
        10,
        11,
        12,
        13,
        14,
        15,
        16,
        17,
        18,
        19,
        20,
        21,
        22,
        23,
        24,
        25,
        26,
        27,
        28,
        29,
        30,
        31,
        32,
        33,
        34,
        35,
        36,
        37,
        38,
        39,
        40,
        41,
        42,
        43
    ],
    "commanded_angles": [
        0.0,
        2.900390625,
        5.888671875,
        8.701171875,
        8.701171875,
        12.12890625,
        15.46875,
        -7.55859375,
        -7.55859375,
        -1.0546875,
        5.537109375,
        12.83203125,
        12.83203125,
        7.91015625,
        2.900390625,
        -14.677734375,
        -14.677734375,
        -8.525390625,
        -2.373046875,
        6.6796875,
        6.6796875,
        6.50390625,
        6.416015625,
        -15.1171875,
        -15.1171875,
        -9.140625,
        -3.1640625,
        6.240234375,
        6.240234375,
        1.142578125,
        -3.8671875,
        -22.060546875,
        -22.060546875,
        -16.5234375,
        -10.8984375,
        -0.17578125,
        -0.17578125,
        -5.09765625,
        -9.931640625,
        -28.828125,
        -28.828125,
        -23.5546875,
        -18.28125,
        -5.2734375
    ],
    "actual_angles": [
        0.966796875,
        3.955078125,
        6.50390625,
        9.140625,
        8.876953125,
        15.029296875,
        15.64453125,
        -8.4375,
        -7.20703125,
        -0.3515625,
        4.482421875,
        13.623046875,
        14.853515625,
        15.1171875,
        15.380859375,
        -7.294921875,
        -14.4140625,
        -8.525390625,
        -5.2734375,
        6.240234375,
        7.998046875,
        11.865234375,
        6.416015625,
        -16.083984375,
        -15.205078125,
        -10.8984375,
        -2.98828125,
        2.197265625,
        2.28515625,
        2.373046875,
        -3.779296875,
        -23.115234375,
        -22.5,
        -17.75390625,
        -9.66796875,
        -2.28515625,
        -2.28515625,
        -3.1640625,
        -9.84375,
        -30.234375,
        -29.8828125,
        -25.576171875,
        -18.369140625,
        -7.998046875
    ]
}