{
    "frame_numbers": [
        0,
        1,
        2,
        3,
        4,
        5,
        6,
        7,
        8,
        9,
        10,
        11,
        12,
        13,
        14,
        15,
        16,
        17,
        18,
        19,
        20,
        21,
        22,
        23,
        24,
        25,
        26,
        27,
        28,
        29,
        30,
        31,
        32,
        33,
        34,
        35,
        36,
        37,
        38,
        39,
        40,
        41,
        42,
        43
    ],
    "commanded_angles": [
        0.0,
        -0.087890625,
        -0.087890625,
        1.7578125,
        1.7578125,
        -0.52734375,
        -2.8125,
        6.50390625,
        6.50390625,
        -19.3359375,
        -45.17578125,
        -23.642578125,
        -23.642578125,
        -25.3125,
        -27.0703125,
        -10.72265625,
        -10.546875,
        -32.255859375,
        -53.876953125,
        -26.19140625,
        -26.19140625,
        -27.861328125,
        -29.619140625,
        -12.041015625,
        -11.953125,
        -33.22265625,
        -54.4921875,
        -27.158203125,
        -27.158203125,
        -28.740234375,
        -30.41015625,
        -12.48046875,
        -12.392578125,
        -35.33203125,
        -58.271484375,
        -29.35546875,
        -29.35546875,
        -31.025390625,
        -32.6953125,
        -15.732421875,
        -15.64453125,
        -36.5625,
        -57.568359375,
        -30.41015625
    ],
    "actual_angles": [
        0.0,
        -0.87890625,
        -1.23046875,
        -1.58203125,
        -1.58203125,
        -3.076171875,
        -4.833984375,
        4.130859375,
        4.130859375,
        -18.896484375,
        -44.82421875,
        -25.048828125,
        -24.9609375,
        -25.400390625,
        -26.806640625,
        -10.107421875,
        -10.107421875,
        -31.81640625,
        -50.009765625,
        -27.7734375,
        -27.861328125,
        -27.7734375,
        -29.00390625,
        -12.041015625,
        -11.953125,
        -32.87109375,
        -50.361328125,
        -30.322265625,
        -30.322265625,
        -30.234375,
        -30.673828125,
        -11.25,
        -11.25,
        -34.892578125,
        -51.50390625,
        -31.025390625,
        -31.025390625,
        -31.201171875,
        -32.958984375,
        -15.1171875,
        -15.1171875,
        -36.123046875,
        -51.328125,
        -34.62890625
    ]
}