{
    "frame_numbers": [
        0,
        1,
        2,
        3,
        4,
        5,
        6,
        7,
        8,
        9,
        10,
        11,
        12,
        13,
        14,
        15,
        16,
        17,
        18,
        19,
        20,
        21,
        22,
        23,
        24,
        25,
        26,
        27,
        28,
        29,
        30,
        31,
        32,
        33,
        34,
        35,
        36,
        37,
        38,
        39,
        40,
        41,
        42,
        43
    ],
    "commanded_angles": [
        0.0,
        2.373046875,
        4.833984375,
        6.240234375,
        6.240234375,
        2.109375,
        -1.93359375,
        -12.48046875,
        -12.48046875,
        -6.328125,
        -0.263671875,
        3.076171875,
        3.076171875,
        -1.494140625,
        -6.064453125,
        -13.88671875,
        -13.88671875,
        -7.91015625,
        -2.021484375,
        1.40625,
        1.40625,
        -3.251953125,
        -7.822265625,
        -14.765625,
        -14.765625,
        -9.228515625,
        -3.779296875,
        -0.17578125,
        -0.17578125,
        -4.74609375,
        -9.31640625,
        -15.380859375,
        -15.380859375,
        -10.107421875,
        -4.833984375,
        -1.23046875,
        -1.23046875,
        -5.537109375,
        -9.84375,
        -15.556640625,
        -15.556640625,
        -10.546875,
        -5.625,
        -2.28515625
    ],
    "actual_angles": [
        -0.087890625,
        0.966796875,
        4.04296875,
        5.361328125,
        5.625,
        2.8125,
        0.52734375,
        -7.3828125,
        -12.568359375,
        -9.580078125,
        -5.09765625,
        -1.669921875,
        3.076171875,
        -0.3515625,
        -3.69140625,
        -11.337890625,
        -14.501953125,
        -11.953125,
        -8.701171875,
        -6.943359375,
        1.58203125,
        -2.28515625,
        -5.80078125,
        -11.337890625,
        -12.48046875,
        -11.337890625,
        -10.810546875,
        -1.318359375,
        -0.087890625,
        -1.58203125,
        -3.515625,
        -8.876953125,
        -11.07421875,
        -10.1953125,
        -7.734375,
        -2.197265625,
        -1.318359375,
        -3.603515625,
        -5.712890625,
        -10.283203125,
        -11.42578125,
        -10.8984375,
        -7.998046875,
        -2.8125
    ]
}