{
    "frame_numbers": [
        0,
        1,
        2,
        3,
        4,
        5,
        6,
        7,
        8,
        9,
        10,
        11,
        12,
        13,
        14,
        15,
        16,
        17,
        18,
        19,
        20,
        21,
        22,
        23,
        24,
        25,
        26,
        27,
        28,
        29,
        30,
        31,
        32,
        33,
        34,
        35,
        36,
        37,
        38,
        39,
        40,
        41,
        42,
        43
    ],
    "commanded_angles": [
        0.0,
        1.58203125,
        3.251953125,
        5.712890625,
        5.712890625,
        1.40625,
        -2.900390625,
        -11.162109375,
        -11.162109375,
        -5.44921875,
        0.17578125,
        3.779296875,
        3.779296875,
        -1.23046875,
        -6.15234375,
        -15.29296875,
        -15.29296875,
        -8.96484375,
        -2.63671875,
        1.318359375,
        1.318359375,
        -4.21875,
        -9.84375,
        -20.21484375,
        -20.21484375,
        -13.359375,
        -6.416015625,
        -2.28515625,
        -2.28515625,
        -9.404296875,
        -16.5234375,
        -27.24609375,
        -27.24609375,
        -19.51171875,
        -11.689453125,
        -6.85546875,
        -6.85546875,
        -14.0625,
        -21.26953125,
        -33.22265625,
        -33.22265625,
        -24.697265625,
        -16.171875,
        -11.25
    ],
    "actual_angles": [
        0.087890625,
        1.93359375,
        3.603515625,
        5.9765625,
        5.888671875,
        1.40625,
        -2.98828125,
        -10.1953125,
        -10.1953125,
        -5.185546875,
        2.021484375,
        3.8671875,
        3.8671875,
        -1.23046875,
        -6.064453125,
        -15.029296875,
        -15.29296875,
        -8.525390625,
        -1.7578125,
        1.23046875,
        1.23046875,
        -4.306640625,
        -9.140625,
        -16.171875,
        -16.171875,
        -14.23828125,
        -6.416015625,
        -2.28515625,
        -2.28515625,
        -9.580078125,
        -14.853515625,
        -24.609375,
        -24.609375,
        -19.51171875,
        -11.25,
        -6.85546875,
        -6.85546875,
        -14.23828125,
        -20.478515625,
        -31.201171875,
        -31.201171875,
        -25.048828125,
        -15.556640625,
        -11.25
    ]
}