{
    "frame_numbers": [
        0,
        1,
        2,
        3,
        4,
        5,
        6,
        7,
        8,
        9,
        10,
        11,
        12,
        13,
        14,
        15,
        16,
        17,
        18,
        19,
        20,
        21,
        22,
        23,
        24,
        25,
        26,
        27,
        28,
        29,
        30,
        31,
        32,
        33,
        34,
        35,
        36,
        37,
        38,
        39,
        40,
        41,
        42,
        43
    ],
    "commanded_angles": [
        0.0,
        0.0,
        0.087890625,
        5.888671875,
        5.888671875,
        0.615234375,
        -4.5703125,
        -18.017578125,
        -18.017578125,
        3.515625,
        25.048828125,
        20.91796875,
        20.91796875,
        15.908203125,
        10.810546875,
        -7.20703125,
        -7.119140625,
        11.77734375,
        30.673828125,
        22.939453125,
        22.939453125,
        18.017578125,
        13.095703125,
        -6.15234375,
        -6.064453125,
        12.568359375,
        31.11328125,
        23.466796875,
        23.466796875,
        18.720703125,
        13.88671875,
        -4.482421875,
        -4.39453125,
        14.853515625,
        34.013671875,
        25.400390625,
        25.400390625,
        20.654296875,
        15.908203125,
        -1.494140625,
        -1.40625,
        16.611328125,
        34.62890625,
        26.806640625
    ],
    "actual_angles": [
        1.7578125,
        1.7578125,
        1.7578125,
        5.09765625,
        5.09765625,
        2.197265625,
        -2.900390625,
        -16.435546875,
        -16.5234375,
        3.076171875,
        24.08203125,
        21.97265625,
        22.060546875,
        17.40234375,
        12.392578125,
        -5.712890625,
        -5.712890625,
        10.986328125,
        29.1796875,
        24.521484375,
        24.609375,
        19.51171875,
        14.677734375,
        -4.658203125,
        -4.658203125,
        11.77734375,
        29.619140625,
        25.13671875,
        25.224609375,
        20.302734375,
        15.556640625,
        -2.8125,
        -2.900390625,
        14.150390625,
        32.255859375,
        27.158203125,
        27.158203125,
        22.412109375,
        17.490234375,
        0.087890625,
        0.17578125,
        15.8203125,
        32.87109375,
        28.388671875
    ]
}