{
    "frame_numbers": [
        0,
        1,
        2,
        3,
        4,
        5,
        6,
        7,
        8,
        9,
        10,
        11,
        12,
        13,
        14,
        15,
        16,
        17,
        18,
        19,
        20,
        21,
        22,
        23,
        24,
        25,
        26,
        27,
        28,
        29,
        30,
        31,
        32,
        33,
        34,
        35,
        36,
        37,
        38,
        39,
        40,
        41,
        42,
        43
    ],
    "commanded_angles": [
        0.0,
        -3.33984375,
        -6.591796875,
        -12.65625,
        -12.65625,
        -3.427734375,
        5.712890625,
        14.501953125,
        14.501953125,
        5.44921875,
        -3.603515625,
        -12.83203125,
        -12.83203125,
        -3.69140625,
        5.44921875,
        14.0625,
        14.0625,
        4.921875,
        -4.306640625,
        -12.041015625,
        -12.041015625,
        -3.33984375,
        5.361328125,
        13.623046875,
        13.623046875,
        4.5703125,
        -4.5703125,
        -11.6015625,
        -11.6015625,
        -3.251953125,
        5.185546875,
        13.0078125,
        13.0078125,
        4.130859375,
        -4.74609375,
        -11.42578125,
        -11.42578125,
        -3.515625,
        4.482421875,
        12.041015625,
        12.041015625,
        3.1640625,
        -5.625,
        -11.953125
    ],
    "actual_angles": [
        0.3515625,
        -2.900390625,
        -6.240234375,
        -12.568359375,
        -12.568359375,
        -5.9765625,
        3.427734375,
        12.568359375,
        12.568359375,
        6.328125,
        -3.33984375,
        -13.0078125,
        -13.0078125,
        -6.6796875,
        2.8125,
        11.77734375,
        11.77734375,
        5.44921875,
        -4.130859375,
        -11.865234375,
        -11.865234375,
        -6.15234375,
        2.98828125,
        11.513671875,
        11.513671875,
        5.361328125,
        -4.21875,
        -11.42578125,
        -11.42578125,
        -6.064453125,
        2.8125,
        11.07421875,
        11.07421875,
        4.833984375,
        -4.5703125,
        -11.25,
        -11.25,
        -6.416015625,
        2.109375,
        9.931640625,
        9.931640625,
        4.04296875,
        -5.185546875,
        -11.77734375
    ]
}