{
    "frame_numbers": [
        0,
        1,
        2,
        3,
        4,
        5,
        6,
        7,
        8,
        9,
        10,
        11,
        12,
        13,
        14,
        15,
        16,
        17,
        18,
        19,
        20,
        21,
        22,
        23,
        24,
        25,
        26,
        27,
        28,
        29,
        30,
        31,
        32,
        33,
        34,
        35,
        36,
        37,
        38,
        39,
        40,
        41,
        42,
        43
    ],
    "commanded_angles": [
        -0.087890625,
        0.0,
        0.0,
        6.6796875,
        6.6796875,
        1.40625,
        -3.8671875,
        -6.6796875,
        -6.6796875,
        -2.900390625,
        0.87890625,
        8.0859375,
        8.0859375,
        2.548828125,
        -2.98828125,
        -5.888671875,
        -5.888671875,
        -1.845703125,
        2.197265625,
        9.755859375,
        9.755859375,
        3.955078125,
        -1.845703125,
        -4.74609375,
        -4.74609375,
        -0.52734375,
        3.69140625,
        11.42578125,
        11.42578125,
        5.361328125,
        -0.703125,
        -3.603515625,
        -3.603515625,
        0.87890625,
        5.361328125,
        13.623046875,
        13.623046875,
        7.119140625,
        0.615234375,
        -2.28515625,
        -2.28515625,
        2.63671875,
        7.646484375,
        16.259765625
    ],
    "actual_angles": [
        -3.251953125,
        -3.251953125,
        -3.1640625,
        2.109375,
        2.109375,
        1.142578125,
        -4.21875,
        -6.85546875,
        -6.85546875,
        -6.15234375,
        -2.8125,
        4.39453125,
        4.39453125,
        2.373046875,
        -3.1640625,
        -6.064453125,
        -6.064453125,
        -5.009765625,
        -1.494140625,
        5.9765625,
        6.064453125,
        3.779296875,
        -2.021484375,
        -4.921875,
        -4.921875,
        -3.8671875,
        0.0,
        7.646484375,
        7.646484375,
        5.185546875,
        -0.87890625,
        -3.779296875,
        -3.779296875,
        -2.548828125,
        1.494140625,
        9.755859375,
        9.84375,
        7.03125,
        0.3515625,
        -2.4609375,
        -2.4609375,
        -1.142578125,
        3.8671875,
        12.3046875
    ]
}