{
    "frame_numbers": [
        0,
        1,
        2,
        3,
        4,
        5,
        6,
        7,
        8,
        9,
        10,
        11,
        12,
        13,
        14,
        15,
        16,
        17,
        18,
        19,
        20,
        21,
        22,
        23,
        24,
        25,
        26,
        27,
        28,
        29,
        30,
        31,
        32,
        33,
        34,
        35,
        36,
        37,
        38,
        39,
        40,
        41,
        42,
        43
    ],
    "commanded_angles": [
        0.0,
        -1.7578125,
        -3.515625,
        -3.1640625,
        -3.076171875,
        -30.234375,
        -57.3046875,
        -25.3125,
        -25.3125,
        -27.509765625,
        -29.794921875,
        -23.203125,
        -23.115234375,
        -41.572265625,
        -60.029296875,
        -34.716796875,
        -34.716796875,
        -36.826171875,
        -38.935546875,
        -29.8828125,
        -29.70703125,
        -44.296875,
        -58.798828125,
        -37.705078125,
        -37.705078125,
        -39.814453125,
        -41.923828125,
        -35.068359375,
        -34.98046875,
        -35.68359375,
        -36.38671875,
        -29.794921875,
        -29.794921875,
        -31.81640625,
        -33.92578125,
        -28.212890625,
        -28.125,
        -43.2421875,
        -58.271484375,
        -37.705078125,
        -37.705078125,
        -39.462890625,
        -41.30859375,
        -35.68359375
    ],
    "actual_angles": [
        0.0,
        -1.669921875,
        -2.63671875,
        -3.076171875,
        -3.076171875,
        -25.576171875,
        -50.185546875,
        -32.607421875,
        -32.607421875,
        -32.431640625,
        -32.431640625,
        -27.333984375,
        -27.24609375,
        -36.73828125,
        -50.625,
        -40.25390625,
        -40.25390625,
        -39.990234375,
        -39.814453125,
        -33.92578125,
        -33.92578125,
        -40.60546875,
        -50.625,
        -42.275390625,
        -42.275390625,
        -41.748046875,
        -41.484375,
        -36.9140625,
        -36.9140625,
        -36.9140625,
        -37.08984375,
        -32.87109375,
        -32.87109375,
        -32.607421875,
        -32.431640625,
        -30.76171875,
        -30.76171875,
        -37.08984375,
        -50.2734375,
        -40.078125,
        -39.990234375,
        -39.638671875,
        -39.638671875,
        -37.880859375
    ]
}