{
    "frame_numbers": [
        0,
        1,
        2,
        3,
        4,
        5,
        6,
        7,
        8,
        9,
        10,
        11,
        12,
        13,
        14,
        15,
        16,
        17,
        18,
        19,
        20,
        21,
        22,
        23,
        24,
        25,
        26,
        27,
        28,
        29,
        30,
        31,
        32,
        33,
        34,
        35,
        36,
        37,
        38,
        39,
        40,
        41,
        42,
        43
    ],
    "commanded_angles": [
        -0.087890625,
        0.0,
        0.0,
        6.6796875,
        6.6796875,
        1.40625,
        -3.8671875,
        -6.6796875,
        -6.6796875,
        -2.900390625,
        0.87890625,
        8.0859375,
        8.0859375,
        2.548828125,
        -2.98828125,
        -5.888671875,
        -5.888671875,
        -1.845703125,
        2.197265625,
        9.755859375,
        9.755859375,
        3.955078125,
        -1.845703125,
        -4.74609375,
        -4.74609375,
        -0.52734375,
        3.69140625,
        11.42578125,
        11.42578125,
        5.361328125,
        -0.703125,
        -3.603515625,
        -3.603515625,
        0.87890625,
        5.361328125,
        13.623046875,
        13.623046875,
        7.119140625,
        0.615234375,
        -2.28515625,
        -2.28515625,
        2.63671875,
        7.646484375,
        16.259765625
    ],
    "actual_angles": [
        0.087890625,
        -0.087890625,
        -0.439453125,
        0.3515625,
        0.3515625,
        0.3515625,
        -3.427734375,
        -7.20703125,
        -7.20703125,
        -4.833984375,
        -0.87890625,
        4.5703125,
        4.5703125,
        3.955078125,
        2.373046875,
        -2.197265625,
        -2.197265625,
        -1.845703125,
        0.17578125,
        6.064453125,
        6.064453125,
        5.2734375,
        4.04296875,
        1.58203125,
        1.58203125,
        0.966796875,
        2.109375,
        8.61328125,
        8.61328125,
        7.3828125,
        3.1640625,
        1.845703125,
        1.845703125,
        1.318359375,
        3.1640625,
        11.07421875,
        11.07421875,
        8.7890625,
        7.20703125,
        6.6796875,
        6.6796875,
        4.5703125,
        5.80078125,
        13.53515625
    ]
}