{
    "frame_numbers": [
        0,
        1,
        2,
        3,
        4,
        5,
        6,
        7,
        8,
        9,
        10,
        11,
        12,
        13,
        14,
        15,
        16,
        17,
        18,
        19,
        20,
        21,
        22,
        23,
        24,
        25,
        26,
        27,
        28,
        29,
        30,
        31,
        32,
        33,
        34,
        35,
        36,
        37,
        38,
        39,
        40,
        41,
        42,
        43
    ],
    "commanded_angles": [
        0.0,
        -0.087890625,
        -0.087890625,
        -0.703125,
        -0.703125,
        -21.26953125,
        -41.923828125,
        -21.4453125,
        -21.4453125,
        -21.26953125,
        -21.09375,
        -21.181640625,
        -21.181640625,
        -22.763671875,
        -24.43359375,
        -10.01953125,
        -10.01953125,
        -10.01953125,
        -10.01953125,
        -9.755859375,
        -9.66796875,
        -21.26953125,
        -32.87109375,
        -12.919921875,
        -12.919921875,
        -13.0078125,
        -13.0078125,
        -12.744140625,
        -12.65625,
        -14.58984375,
        -16.5234375,
        -3.955078125,
        -3.955078125,
        -4.21875,
        -4.39453125,
        -3.955078125,
        -3.8671875,
        -6.591796875,
        -9.31640625,
        -4.921875,
        -4.921875,
        -5.185546875,
        -5.537109375,
        -4.482421875
    ],
    "actual_angles": [
        0.439453125,
        -0.263671875,
        -0.52734375,
        -1.0546875,
        -1.0546875,
        -19.3359375,
        -38.671875,
        -21.005859375,
        -20.91796875,
        -20.91796875,
        -21.26953125,
        -20.91796875,
        -20.91796875,
        -21.005859375,
        -22.1484375,
        -9.580078125,
        -9.580078125,
        -9.4921875,
        -9.580078125,
        -9.580078125,
        -9.580078125,
        -19.072265625,
        -29.619140625,
        -12.392578125,
        -12.392578125,
        -12.392578125,
        -12.392578125,
        -12.392578125,
        -12.392578125,
        -12.48046875,
        -14.326171875,
        -3.515625,
        -3.515625,
        -3.427734375,
        -3.427734375,
        -3.427734375,
        -3.427734375,
        -4.130859375,
        -6.6796875,
        -4.658203125,
        -4.658203125,
        -4.658203125,
        -4.658203125,
        -4.306640625
    ]
}