{
    "frame_numbers": [
        0,
        1,
        2,
        3,
        4,
        5,
        6,
        7,
        8,
        9,
        10,
        11,
        12,
        13,
        14,
        15,
        16,
        17,
        18,
        19,
        20,
        21,
        22,
        23,
        24,
        25,
        26,
        27,
        28,
        29,
        30,
        31,
        32,
        33,
        34,
        35,
        36,
        37,
        38,
        39,
        40,
        41,
        42,
        43
    ],
    "commanded_angles": [
        0.0,
        -3.33984375,
        -6.591796875,
        -12.65625,
        -12.65625,
        -3.427734375,
        5.712890625,
        14.501953125,
        14.501953125,
        5.44921875,
        -3.603515625,
        -12.83203125,
        -12.83203125,
        -3.69140625,
        5.44921875,
        14.0625,
        14.0625,
        4.921875,
        -4.306640625,
        -12.041015625,
        -12.041015625,
        -3.33984375,
        5.361328125,
        13.623046875,
        13.623046875,
        4.5703125,
        -4.5703125,
        -11.6015625,
        -11.6015625,
        -3.251953125,
        5.185546875,
        13.0078125,
        13.0078125,
        4.130859375,
        -4.74609375,
        -11.42578125,
        -11.42578125,
        -3.515625,
        4.482421875,
        12.041015625,
        12.041015625,
        3.1640625,
        -5.625,
        -11.953125
    ],
    "actual_angles": [
        0.0,
        -1.845703125,
        -4.306640625,
        -6.15234375,
        -6.15234375,
        -4.658203125,
        4.39453125,
        13.53515625,
        13.53515625,
        7.03125,
        -0.615234375,
        -11.25,
        -11.25,
        -5.2734375,
        4.04296875,
        12.919921875,
        12.919921875,
        6.50390625,
        -2.548828125,
        -10.1953125,
        -10.1953125,
        -5.009765625,
        3.69140625,
        12.216796875,
        12.216796875,
        6.240234375,
        -3.076171875,
        -9.755859375,
        -9.66796875,
        -5.09765625,
        3.603515625,
        11.6015625,
        11.6015625,
        5.80078125,
        -3.33984375,
        -9.4921875,
        -9.4921875,
        -5.44921875,
        2.724609375,
        10.37109375,
        10.37109375,
        4.833984375,
        -4.130859375,
        -9.931640625
    ]
}