{
    "frame_numbers": [
        0,
        1,
        2,
        3,
        4,
        5,
        6,
        7,
        8,
        9,
        10,
        11,
        12,
        13,
        14,
        15,
        16,
        17,
        18,
        19,
        20,
        21,
        22,
        23,
        24,
        25,
        26,
        27,
        28,
        29,
        30,
        31,
        32,
        33,
        34,
        35,
        36,
        37,
        38,
        39,
        40,
        41,
        42,
        43
    ],
    "commanded_angles": [
        0.0,
        7.91015625,
        15.908203125,
        6.767578125,
        6.767578125,
        7.294921875,
        7.822265625,
        6.416015625,
        6.416015625,
        7.294921875,
        8.0859375,
        0.439453125,
        0.439453125,
        0.791015625,
        1.23046875,
        -1.23046875,
        -1.142578125,
        5.44921875,
        12.12890625,
        -0.3515625,
        -0.3515625,
        -0.087890625,
        0.263671875,
        -1.58203125,
        -1.494140625,
        -1.0546875,
        -0.615234375,
        -8.4375,
        -8.4375,
        -8.26171875,
        -8.0859375,
        -10.107421875,
        -10.01953125,
        -9.4921875,
        -8.876953125,
        -15.380859375,
        -15.380859375,
        -15.29296875,
        -15.205078125,
        -17.2265625,
        -17.138671875,
        -12.12890625,
        -7.119140625,
        -12.83203125
    ],
    "actual_angles": [
        1.142578125,
        7.734375,
        15.64453125,
        8.349609375,
        8.26171875,
        8.26171875,
        8.26171875,
        7.20703125,
        7.20703125,
        7.3828125,
        7.91015625,
        1.23046875,
        1.142578125,
        1.40625,
        1.7578125,
        1.58203125,
        1.58203125,
        5.185546875,
        11.77734375,
        1.40625,
        1.40625,
        1.669921875,
        1.7578125,
        1.93359375,
        1.93359375,
        1.0546875,
        0.791015625,
        -6.6796875,
        -6.767578125,
        -7.119140625,
        -7.646484375,
        -7.3828125,
        -7.3828125,
        -7.822265625,
        -7.734375,
        -13.7109375,
        -13.7109375,
        -14.0625,
        -13.359375,
        -13.271484375,
        -13.359375,
        -11.77734375,
        -7.20703125,
        -10.37109375
    ]
}