{
    "frame_numbers": [
        0,
        1,
        2,
        3,
        4,
        5,
        6,
        7,
        8,
        9,
        10,
        11,
        12,
        13,
        14,
        15,
        16,
        17,
        18,
        19,
        20,
        21,
        22,
        23,
        24,
        25,
        26,
        27,
        28,
        29,
        30,
        31,
        32,
        33,
        34,
        35,
        36,
        37,
        38,
        39,
        40,
        41,
        42,
        43
    ],
    "commanded_angles": [
        0.0,
        1.58203125,
        3.251953125,
        6.50390625,
        6.50390625,
        0.87890625,
        -4.658203125,
        -7.3828125,
        -7.3828125,
        -3.515625,
        0.439453125,
        9.404296875,
        9.404296875,
        3.603515625,
        -2.109375,
        -5.185546875,
        -5.185546875,
        -0.966796875,
        3.33984375,
        11.6015625,
        11.6015625,
        5.9765625,
        0.263671875,
        -2.98828125,
        -2.98828125,
        1.58203125,
        6.064453125,
        14.326171875,
        14.326171875,
        8.701171875,
        3.1640625,
        -0.439453125,
        -0.439453125,
        4.39453125,
        9.140625,
        16.435546875,
        16.435546875,
        10.8984375,
        5.44921875,
        1.318359375,
        1.318359375,
        5.9765625,
        10.634765625,
        16.611328125
    ],
    "actual_angles": [
        0.263671875,
        1.23046875,
        2.021484375,
        3.69140625,
        4.5703125,
        3.515625,
        -2.197265625,
        -6.15234375,
        -6.416015625,
        -4.482421875,
        -1.0546875,
        6.85546875,
        7.822265625,
        5.2734375,
        -0.52734375,
        -3.515625,
        -4.21875,
        -2.197265625,
        0.87890625,
        9.66796875,
        11.162109375,
        7.998046875,
        2.109375,
        -1.23046875,
        -2.021484375,
        0.3515625,
        4.482421875,
        11.865234375,
        12.65625,
        10.107421875,
        4.658203125,
        1.318359375,
        0.439453125,
        3.1640625,
        7.3828125,
        14.4140625,
        15.205078125,
        12.392578125,
        7.03125,
        2.900390625,
        2.197265625,
        4.5703125,
        9.228515625,
        14.677734375
    ]
}