{
    "frame_numbers": [
        0,
        1,
        2,
        3,
        4,
        5,
        6,
        7,
        8,
        9,
        10,
        11,
        12,
        13,
        14,
        15,
        16,
        17,
        18,
        19,
        20,
        21,
        22,
        23,
        24,
        25,
        26,
        27,
        28,
        29,
        30,
        31,
        32,
        33,
        34,
        35,
        36,
        37,
        38,
        39,
        40,
        41,
        42,
        43
    ],
    "commanded_angles": [
        0.0,
        2.373046875,
        4.833984375,
        6.240234375,
        6.240234375,
        2.109375,
        -1.93359375,
        -12.48046875,
        -12.48046875,
        -6.328125,
        -0.263671875,
        3.076171875,
        3.076171875,
        -1.494140625,
        -6.064453125,
        -13.88671875,
        -13.88671875,
        -7.91015625,
        -2.021484375,
        1.40625,
        1.40625,
        -3.251953125,
        -7.822265625,
        -14.765625,
        -14.765625,
        -9.228515625,
        -3.779296875,
        -0.17578125,
        -0.17578125,
        -4.74609375,
        -9.31640625,
        -15.380859375,
        -15.380859375,
        -10.107421875,
        -4.833984375,
        -1.23046875,
        -1.23046875,
        -5.537109375,
        -9.84375,
        -15.556640625,
        -15.556640625,
        -10.546875,
        -5.625,
        -2.28515625
    ],
    "actual_angles": [
        0.087890625,
        0.263671875,
        2.4609375,
        3.603515625,
        4.5703125,
        3.69140625,
        2.548828125,
        -3.955078125,
        -10.8984375,
        -9.66796875,
        -7.822265625,
        -5.44921875,
        -1.0546875,
        -1.494140625,
        -3.1640625,
        -9.755859375,
        -14.765625,
        -13.974609375,
        -11.42578125,
        -8.0859375,
        -4.658203125,
        -4.658203125,
        -5.888671875,
        -11.25,
        -15.29296875,
        -14.4140625,
        -12.3046875,
        -8.7890625,
        -5.625,
        -5.625,
        -7.998046875,
        -12.65625,
        -16.083984375,
        -15.64453125,
        -13.271484375,
        -9.66796875,
        -7.119140625,
        -7.119140625,
        -8.4375,
        -13.271484375,
        -16.5234375,
        -16.083984375,
        -14.326171875,
        -10.72265625
    ]
}