{
    "frame_numbers": [
        0,
        1,
        2,
        3,
        4,
        5,
        6,
        7,
        8,
        9,
        10,
        11,
        12,
        13,
        14,
        15,
        16,
        17,
        18,
        19,
        20,
        21,
        22,
        23,
        24,
        25,
        26,
        27,
        28,
        29,
        30,
        31,
        32,
        33,
        34,
        35,
        36,
        37,
        38,
        39,
        40,
        41,
        42,
        43
    ],
    "commanded_angles": [
        0.0,
        3.076171875,
        6.240234375,
        -9.052734375,
        -9.052734375,
        -2.63671875,
        3.69140625,
        11.77734375,
        11.77734375,
        7.03125,
        2.28515625,
        -14.765625,
        -14.765625,
        -8.7890625,
        -2.900390625,
        7.822265625,
        7.822265625,
        3.076171875,
        -1.58203125,
        -19.072265625,
        -19.072265625,
        -13.53515625,
        -7.91015625,
        4.658203125,
        4.658203125,
        -0.3515625,
        -5.44921875,
        -24.08203125,
        -24.08203125,
        -18.720703125,
        -13.447265625,
        1.142578125,
        1.23046875,
        -3.955078125,
        -9.052734375,
        -29.970703125,
        -29.970703125,
        -24.9609375,
        -19.86328125,
        -2.98828125,
        -2.98828125,
        -8.0859375,
        -13.18359375,
        -35.947265625
    ],
    "actual_angles": [
        0.52734375,
        4.130859375,
        5.625,
        -5.44921875,
        -7.55859375,
        -3.8671875,
        1.23046875,
        9.66796875,
        11.865234375,
        12.216796875,
        12.568359375,
        9.31640625,
        8.0859375,
        7.91015625,
        8.0859375,
        13.095703125,
        14.58984375,
        14.765625,
        14.94140625,
        14.765625,
        14.765625,
        14.765625,
        14.765625,
        15.029296875,
        17.490234375,
        17.578125,
        17.666015625,
        17.490234375,
        17.490234375,
        17.578125,
        17.578125,
        17.578125,
        17.578125,
        17.490234375,
        17.666015625,
        17.490234375,
        17.578125,
        17.666015625,
        17.666015625,
        17.75390625,
        17.75390625,
        17.666015625,
        17.841796875,
        17.666015625
    ]
}