{
    "frame_numbers": [
        0,
        1,
        2,
        3,
        4,
        5,
        6,
        7,
        8,
        9,
        10,
        11,
        12,
        13,
        14,
        15,
        16,
        17,
        18,
        19,
        20,
        21,
        22,
        23,
        24,
        25,
        26,
        27,
        28,
        29,
        30,
        31,
        32,
        33,
        34,
        35,
        36,
        37,
        38,
        39,
        40,
        41,
        42,
        43
    ],
    "commanded_angles": [
        0.0,
        -0.087890625,
        -0.087890625,
        1.7578125,
        1.7578125,
        -0.52734375,
        -2.8125,
        6.50390625,
        6.50390625,
        -19.3359375,
        -45.17578125,
        -23.642578125,
        -23.642578125,
        -25.3125,
        -27.0703125,
        -10.72265625,
        -10.546875,
        -32.255859375,
        -53.876953125,
        -26.19140625,
        -26.19140625,
        -27.861328125,
        -29.619140625,
        -12.041015625,
        -11.953125,
        -33.22265625,
        -54.4921875,
        -27.158203125,
        -27.158203125,
        -28.740234375,
        -30.41015625,
        -12.48046875,
        -12.392578125,
        -35.33203125,
        -58.271484375,
        -29.35546875,
        -29.35546875,
        -31.025390625,
        -32.6953125,
        -15.732421875,
        -15.64453125,
        -36.5625,
        -57.568359375,
        -30.41015625
    ],
    "actual_angles": [
        -0.17578125,
        -1.318359375,
        -2.109375,
        -2.373046875,
        -2.373046875,
        -5.2734375,
        -7.03125,
        -1.58203125,
        -1.58203125,
        -18.369140625,
        -40.78125,
        -27.333984375,
        -27.333984375,
        -27.421875,
        -27.333984375,
        -14.23828125,
        -14.23828125,
        -28.388671875,
        -47.8125,
        -28.65234375,
        -28.65234375,
        -28.388671875,
        -29.35546875,
        -13.095703125,
        -12.919921875,
        -29.1796875,
        -48.251953125,
        -27.421875,
        -27.421875,
        -27.158203125,
        -27.333984375,
        -11.953125,
        -11.953125,
        -31.11328125,
        -49.833984375,
        -28.740234375,
        -28.740234375,
        -28.828125,
        -31.2890625,
        -16.962890625,
        -16.875,
        -32.255859375,
        -49.658203125,
        -29.8828125
    ]
}