{
    "frame_numbers": [
        0,
        1,
        2,
        3,
        4,
        5,
        6,
        7,
        8,
        9,
        10,
        11,
        12,
        13,
        14,
        15,
        16,
        17,
        18,
        19,
        20,
        21,
        22,
        23,
        24,
        25,
        26,
        27,
        28,
        29,
        30,
        31,
        32,
        33,
        34,
        35,
        36,
        37,
        38,
        39,
        40,
        41,
        42,
        43
    ],
    "commanded_angles": [
        0.0,
        1.58203125,
        3.251953125,
        5.712890625,
        5.712890625,
        1.40625,
        -2.900390625,
        -11.162109375,
        -11.162109375,
        -5.44921875,
        0.17578125,
        3.779296875,
        3.779296875,
        -1.23046875,
        -6.15234375,
        -15.29296875,
        -15.29296875,
        -8.96484375,
        -2.63671875,
        1.318359375,
        1.318359375,
        -4.21875,
        -9.84375,
        -20.21484375,
        -20.21484375,
        -13.359375,
        -6.416015625,
        -2.28515625,
        -2.28515625,
        -9.404296875,
        -16.5234375,
        -27.24609375,
        -27.24609375,
        -19.51171875,
        -11.689453125,
        -6.85546875,
        -6.85546875,
        -14.0625,
        -21.26953125,
        -33.22265625,
        -33.22265625,
        -24.697265625,
        -16.171875,
        -11.25
    ],
    "actual_angles": [
        0.087890625,
        1.7578125,
        3.427734375,
        5.09765625,
        5.185546875,
        2.109375,
        -2.109375,
        -7.119140625,
        -7.119140625,
        -6.591796875,
        0.615234375,
        4.130859375,
        4.130859375,
        -0.3515625,
        -4.658203125,
        -10.107421875,
        -10.107421875,
        -9.31640625,
        -2.021484375,
        2.021484375,
        1.93359375,
        -1.93359375,
        -6.591796875,
        -16.083984375,
        -16.083984375,
        -14.853515625,
        -6.6796875,
        -3.8671875,
        -3.8671875,
        -5.009765625,
        -7.20703125,
        -24.345703125,
        -24.345703125,
        -22.587890625,
        -13.7109375,
        -9.140625,
        -8.96484375,
        -10.37109375,
        -20.302734375,
        -32.431640625,
        -32.431640625,
        -30.322265625,
        -21.26953125,
        -14.677734375
    ]
}