{
    "frame_numbers": [
        0,
        1,
        2,
        3,
        4,
        5,
        6,
        7,
        8,
        9,
        10,
        11,
        12,
        13,
        14,
        15,
        16,
        17,
        18,
        19,
        20,
        21,
        22,
        23,
        24,
        25,
        26,
        27,
        28,
        29,
        30,
        31,
        32,
        33,
        34,
        35,
        36,
        37,
        38,
        39,
        40,
        41,
        42,
        43
    ],
    "commanded_angles": [
        0.0,
        -0.087890625,
        -0.087890625,
        -1.23046875,
        -1.23046875,
        9.931640625,
        21.005859375,
        8.701171875,
        8.701171875,
        9.4921875,
        10.37109375,
        8.96484375,
        9.052734375,
        9.4921875,
        9.931640625,
        0.791015625,
        0.791015625,
        1.318359375,
        1.93359375,
        0.263671875,
        0.3515625,
        6.591796875,
        12.83203125,
        0.0,
        0.0,
        0.52734375,
        1.0546875,
        -0.615234375,
        -0.52734375,
        -0.17578125,
        0.263671875,
        -7.822265625,
        -7.822265625,
        -7.470703125,
        -7.119140625,
        -8.701171875,
        -8.701171875,
        -8.0859375,
        -7.470703125,
        -8.96484375,
        -8.96484375,
        -8.7890625,
        -8.525390625,
        -10.1953125
    ],
    "actual_angles": [
        -0.263671875,
        0.087890625,
        -0.087890625,
        -0.17578125,
        -0.17578125,
        9.052734375,
        20.302734375,
        11.25,
        11.25,
        11.25,
        10.634765625,
        10.546875,
        10.546875,
        10.546875,
        10.546875,
        2.900390625,
        2.900390625,
        2.900390625,
        2.8125,
        2.548828125,
        2.548828125,
        5.44921875,
        11.953125,
        2.28515625,
        2.28515625,
        2.28515625,
        2.28515625,
        2.28515625,
        2.28515625,
        2.28515625,
        2.28515625,
        -5.2734375,
        -5.2734375,
        -5.2734375,
        -5.2734375,
        -5.80078125,
        -5.888671875,
        -5.888671875,
        -5.888671875,
        -5.888671875,
        -6.240234375,
        -6.240234375,
        -6.240234375,
        -7.3828125
    ]
}