{
    "frame_numbers": [
        0,
        1,
        2,
        3,
        4,
        5,
        6,
        7,
        8,
        9,
        10,
        11,
        12,
        13,
        14,
        15,
        16,
        17,
        18,
        19,
        20,
        21,
        22,
        23,
        24,
        25,
        26,
        27,
        28,
        29,
        30,
        31,
        32,
        33,
        34,
        35,
        36,
        37,
        38,
        39,
        40,
        41,
        42,
        43
    ],
    "commanded_angles": [
        0.0,
        -2.98828125,
        -5.9765625,
        -7.998046875,
        -7.998046875,
        13.623046875,
        35.33203125,
        25.048828125,
        25.048828125,
        19.6875,
        14.4140625,
        4.74609375,
        4.833984375,
        21.357421875,
        37.880859375,
        31.640625,
        31.640625,
        26.71875,
        21.796875,
        10.810546875,
        10.8984375,
        25.048828125,
        39.19921875,
        34.8046875,
        34.8046875,
        30.146484375,
        25.48828125,
        16.083984375,
        16.171875,
        22.67578125,
        29.1796875,
        31.728515625,
        31.728515625,
        27.333984375,
        22.939453125,
        13.7109375,
        13.7109375,
        26.982421875,
        40.25390625,
        34.62890625,
        34.62890625,
        30.673828125,
        26.806640625,
        18.28125
    ],
    "actual_angles": [
        -0.087890625,
        -1.318359375,
        -2.98828125,
        -4.39453125,
        -4.5703125,
        13.88671875,
        35.068359375,
        22.412109375,
        22.32421875,
        22.32421875,
        22.236328125,
        16.611328125,
        16.611328125,
        21.357421875,
        35.771484375,
        30.322265625,
        30.322265625,
        30.234375,
        30.41015625,
        22.939453125,
        22.939453125,
        25.751953125,
        34.365234375,
        33.837890625,
        33.837890625,
        34.1015625,
        34.365234375,
        30.5859375,
        30.498046875,
        30.234375,
        29.00390625,
        30.5859375,
        30.5859375,
        31.904296875,
        32.34375,
        29.00390625,
        29.00390625,
        31.11328125,
        38.583984375,
        36.2109375,
        36.2109375,
        36.2109375,
        36.474609375,
        34.8046875
    ]
}