{
    "frame_numbers": [
        0,
        1,
        2,
        3,
        4,
        5,
        6,
        7,
        8,
        9,
        10,
        11,
        12,
        13,
        14,
        15,
        16,
        17,
        18,
        19,
        20,
        21,
        22,
        23,
        24,
        25,
        26,
        27,
        28,
        29,
        30,
        31,
        32,
        33,
        34,
        35,
        36,
        37,
        38,
        39,
        40,
        41,
        42,
        43
    ],
    "commanded_angles": [
        0.0,
        3.076171875,
        6.240234375,
        -9.052734375,
        -9.052734375,
        -2.63671875,
        3.69140625,
        11.77734375,
        11.77734375,
        7.03125,
        2.28515625,
        -14.765625,
        -14.765625,
        -8.7890625,
        -2.900390625,
        7.822265625,
        7.822265625,
        3.076171875,
        -1.58203125,
        -19.072265625,
        -19.072265625,
        -13.53515625,
        -7.91015625,
        4.658203125,
        4.658203125,
        -0.3515625,
        -5.44921875,
        -24.08203125,
        -24.08203125,
        -18.720703125,
        -13.447265625,
        1.142578125,
        1.23046875,
        -3.955078125,
        -9.052734375,
        -29.970703125,
        -29.970703125,
        -24.9609375,
        -19.86328125,
        -2.98828125,
        -2.98828125,
        -8.0859375,
        -13.18359375,
        -35.947265625
    ],
    "actual_angles": [
        2.197265625,
        2.724609375,
        5.9765625,
        -5.44921875,
        -7.55859375,
        -2.98828125,
        3.251953125,
        10.8984375,
        11.953125,
        9.140625,
        4.658203125,
        -10.810546875,
        -13.0078125,
        -8.96484375,
        -3.251953125,
        6.328125,
        8.0859375,
        4.921875,
        0.52734375,
        -15.556640625,
        -17.314453125,
        -13.798828125,
        -8.61328125,
        3.69140625,
        4.833984375,
        1.58203125,
        -3.1640625,
        -19.248046875,
        -22.1484375,
        -18.80859375,
        -13.798828125,
        0.0,
        1.40625,
        -1.58203125,
        -6.767578125,
        -24.609375,
        -28.212890625,
        -25.13671875,
        -19.951171875,
        -4.21875,
        -2.724609375,
        -5.888671875,
        -10.810546875,
        -31.81640625
    ]
}