{
    "frame_numbers": [
        0,
        1,
        2,
        3,
        4,
        5,
        6,
        7,
        8,
        9,
        10,
        11,
        12,
        13,
        14,
        15,
        16,
        17,
        18,
        19,
        20,
        21,
        22,
        23,
        24,
        25,
        26,
        27,
        28,
        29,
        30,
        31,
        32,
        33,
        34,
        35,
        36,
        37,
        38,
        39,
        40,
        41,
        42,
        43
    ],
    "commanded_angles": [
        0.0,
        -1.7578125,
        -3.515625,
        -3.1640625,
        -3.076171875,
        -30.234375,
        -57.3046875,
        -25.3125,
        -25.3125,
        -27.509765625,
        -29.794921875,
        -23.203125,
        -23.115234375,
        -41.572265625,
        -60.029296875,
        -34.716796875,
        -34.716796875,
        -36.826171875,
        -38.935546875,
        -29.8828125,
        -29.70703125,
        -44.296875,
        -58.798828125,
        -37.705078125,
        -37.705078125,
        -39.814453125,
        -41.923828125,
        -35.068359375,
        -34.98046875,
        -35.68359375,
        -36.38671875,
        -29.794921875,
        -29.794921875,
        -31.81640625,
        -33.92578125,
        -28.212890625,
        -28.125,
        -43.2421875,
        -58.271484375,
        -37.705078125,
        -37.705078125,
        -39.462890625,
        -41.30859375,
        -35.68359375
    ],
    "actual_angles": [
        -0.615234375,
        -0.703125,
        -0.966796875,
        -0.966796875,
        -0.966796875,
        -25.48828125,
        -49.833984375,
        -25.927734375,
        -25.83984375,
        -26.103515625,
        -26.279296875,
        -23.90625,
        -23.90625,
        -36.298828125,
        -50.537109375,
        -36.03515625,
        -36.03515625,
        -36.123046875,
        -36.298828125,
        -31.11328125,
        -30.76171875,
        -39.111328125,
        -50.361328125,
        -39.0234375,
        -39.0234375,
        -39.111328125,
        -39.375,
        -36.474609375,
        -36.474609375,
        -36.474609375,
        -36.474609375,
        -31.11328125,
        -30.9375,
        -31.025390625,
        -31.2890625,
        -29.091796875,
        -29.00390625,
        -38.3203125,
        -50.361328125,
        -39.0234375,
        -39.0234375,
        -39.0234375,
        -39.287109375,
        -37.08984375
    ]
}