{
    "frame_numbers": [
        0,
        1,
        2,
        3,
        4,
        5,
        6,
        7,
        8,
        9,
        10,
        11,
        12,
        13,
        14,
        15,
        16,
        17,
        18,
        19,
        20,
        21,
        22,
        23,
        24,
        25,
        26,
        27,
        28,
        29,
        30,
        31,
        32,
        33,
        34,
        35,
        36,
        37,
        38,
        39,
        40,
        41,
        42,
        43
    ],
    "commanded_angles": [
        0.0,
        1.669921875,
        3.427734375,
        4.74609375,
        4.74609375,
        -15.029296875,
        -34.892578125,
        -9.228515625,
        -9.228515625,
        -6.767578125,
        -4.39453125,
        -5.09765625,
        -5.09765625,
        -11.953125,
        -18.896484375,
        -0.703125,
        -0.703125,
        1.494140625,
        3.603515625,
        0.17578125,
        0.17578125,
        -13.18359375,
        -26.630859375,
        -3.33984375,
        -3.33984375,
        -1.58203125,
        0.263671875,
        -4.306640625,
        -4.306640625,
        -9.580078125,
        -14.94140625,
        3.515625,
        3.515625,
        4.921875,
        6.328125,
        0.087890625,
        0.087890625,
        -5.2734375,
        -10.546875,
        7.91015625,
        7.91015625,
        8.7890625,
        9.755859375,
        0.703125
    ],
    "actual_angles": [
        0.087890625,
        1.669921875,
        3.515625,
        4.74609375,
        4.74609375,
        -13.095703125,
        -31.376953125,
        -9.31640625,
        -8.701171875,
        -6.6796875,
        -4.306640625,
        -4.39453125,
        -4.39453125,
        -10.283203125,
        -17.138671875,
        -0.966796875,
        -0.3515625,
        1.58203125,
        3.69140625,
        2.109375,
        2.109375,
        -11.07421875,
        -23.994140625,
        -3.251953125,
        -2.900390625,
        -1.58203125,
        0.263671875,
        -2.548828125,
        -2.63671875,
        -7.998046875,
        -13.095703125,
        3.8671875,
        3.955078125,
        4.921875,
        6.328125,
        1.93359375,
        1.845703125,
        -3.427734375,
        -8.701171875,
        8.26171875,
        8.349609375,
        8.7890625,
        9.755859375,
        2.63671875
    ]
}