{
    "frame_numbers": [
        0,
        1,
        2,
        3,
        4,
        5,
        6,
        7,
        8,
        9,
        10,
        11,
        12,
        13,
        14,
        15,
        16,
        17,
        18,
        19,
        20,
        21,
        22,
        23,
        24,
        25,
        26,
        27,
        28,
        29,
        30,
        31,
        32,
        33,
        34,
        35,
        36,
        37,
        38,
        39,
        40,
        41,
        42,
        43
    ],
    "commanded_angles": [
        0.0,
        -4.5703125,
        -9.052734375,
        -13.7109375,
        -13.7109375,
        -4.482421875,
        4.658203125,
        13.798828125,
        13.798828125,
        4.482421875,
        -4.833984375,
        -13.7109375,
        -13.7109375,
        -4.39453125,
        4.833984375,
        12.216796875,
        12.216796875,
        3.427734375,
        -5.2734375,
        -13.447265625,
        -13.447265625,
        -4.39453125,
        4.5703125,
        11.77734375,
        11.77734375,
        3.427734375,
        -4.921875,
        -12.744140625,
        -12.744140625,
        -4.130859375,
        4.482421875,
        10.986328125,
        10.986328125,
        3.076171875,
        -4.74609375,
        -12.3046875,
        -12.3046875,
        -4.21875,
        3.8671875,
        10.8984375,
        10.8984375,
        3.515625,
        -3.955078125,
        -11.07421875
    ],
    "actual_angles": [
        1.845703125,
        -2.63671875,
        -7.03125,
        -11.162109375,
        -11.162109375,
        -4.306640625,
        5.009765625,
        13.798828125,
        13.798828125,
        5.888671875,
        -3.427734375,
        -10.8984375,
        -10.8984375,
        -3.955078125,
        5.185546875,
        12.392578125,
        12.392578125,
        5.009765625,
        -3.33984375,
        -10.986328125,
        -10.986328125,
        -4.04296875,
        4.921875,
        11.77734375,
        11.77734375,
        4.921875,
        -2.98828125,
        -10.37109375,
        -10.37109375,
        -3.779296875,
        4.833984375,
        11.07421875,
        11.07421875,
        4.482421875,
        -2.900390625,
        -9.931640625,
        -9.931640625,
        -3.8671875,
        4.21875,
        10.986328125,
        10.986328125,
        5.009765625,
        -2.373046875,
        -8.96484375
    ]
}